iso3,country,year,dmc_mt,mf_mt,gdp_2015usd,bloc,gap_rel,gap_abs_mt,bloc_eu15
ARG,Argentina,1994,467.9800521901,486.3247008184,358592053441.545,MERCOSUR,0.03772098887313172,18.34464862829998,MERCOSUR
ARG,Argentina,1995,473.70236613599997,461.0772421176,348389357874.283,MERCOSUR,-0.027381798243644086,-12.625124018399958,MERCOSUR
ARG,Argentina,1996,472.6096462531,463.07621088279996,367643757074.802,MERCOSUR,-0.020587184455287955,-9.533435370300026,MERCOSUR
ARG,Argentina,1997,514.5110954217,518.8620911374,397463514160.866,MERCOSUR,0.008385649655310308,4.3509957156999235,MERCOSUR
ARG,Argentina,1998,565.4984168361,571.6827451423001,412766570325.764,MERCOSUR,0.010817762751717683,6.1843283062000864,MERCOSUR
ARG,Argentina,1999,550.0409396553,542.4550271158,398792535409.293,MERCOSUR,-0.01398440821874915,-7.5859125394999865,MERCOSUR
ARG,Argentina,2000,536.3073800001,529.6869605407,395646066535.875,MERCOSUR,-0.012498739732316395,-6.620419459399955,MERCOSUR
ARG,Argentina,2001,524.3390691785,501.6830818328,378202665751.853,MERCOSUR,-0.045159958878682696,-22.655987345700055,MERCOSUR
ARG,Argentina,2002,523.2519733993,422.82934383459997,336999433710.193,MERCOSUR,-0.2375015618688537,-100.42262956470006,MERCOSUR
ARG,Argentina,2003,562.2954623207,443.4310820118,366780211148.674,MERCOSUR,-0.2680560410191024,-118.86438030890002,MERCOSUR
ARG,Argentina,2004,587.7531220975,468.52406857489996,399898899166.738,MERCOSUR,-0.2544779692647521,-119.2290535226,MERCOSUR
ARG,Argentina,2005,640.1015234122,509.10849540609996,435296589745.339,MERCOSUR,-0.2572988453111767,-130.99302800610002,MERCOSUR
ARG,Argentina,2006,641.8998017046999,522.0590177373,470325565798.353,MERCOSUR,-0.22955409234536736,-119.84078396739994,MERCOSUR
ARG,Argentina,2007,689.1296233698,574.2372300923,512690850741.56,MERCOSUR,-0.2000782729796756,-114.89239327749999,MERCOSUR
ARG,Argentina,2008,696.2621533535,569.3525144486999,533491913656.279,MERCOSUR,-0.22290169215760083,-126.90963890480009,MERCOSUR
ARG,Argentina,2009,603.8287524425,475.15884156019996,501917060966.235,MERCOSUR,-0.2707934686847204,-128.66991088230003,MERCOSUR
ARG,Argentina,2010,667.7537645771,556.4976839264999,552738161802.463,MERCOSUR,-0.19992191138264356,-111.2560806506001,MERCOSUR
ARG,Argentina,2011,728.9419475384001,625.5106557096,585924294024.785,MERCOSUR,-0.16535496379588327,-103.43129182880011,MERCOSUR
ARG,Argentina,2012,697.9888491468,613.6829185854,579910247223.428,MERCOSUR,-0.1373770199694226,-84.30593056140003,MERCOSUR
ARG,Argentina,2013,761.6863893354,676.4437870749,593858966307.156,MERCOSUR,-0.12601579597487148,-85.242602260500007,MERCOSUR
ARG,Argentina,2014,756.0932113894,663.9202591458,578937574935.696,MERCOSUR,-0.13883135960060905,-92.1729522436001,MERCOSUR
ARG,Argentina,2015,766.5911175571999,701.8969174496,594749285413.212,MERCOSUR,-0.09217051464290744,-64.69420010759995,MERCOSUR
ARG,Argentina,2016,748.9774058954,690.1869699752001,582376550428.09,MERCOSUR,-0.08518044888954131,-58.79043592019991,MERCOSUR
ARG,Argentina,2017,839.423293986,785.0265707007001,598790850843.677,MERCOSUR,-0.06929284347247815,-54.39672328529991,MERCOSUR
ARG,Argentina,2018,788.2230021898,701.8486142017,583118120294.002,MERCOSUR,-0.12306697803534795,-86.37438798810001,MERCOSUR
ARG,Argentina,2019,840.1114680553,700.5992194234001,571450737224.442,MERCOSUR,-0.1991327491725152,-139.51224863189987,MERCOSUR
ARG,Argentina,2020,812.9563175219,691.6068828817,514874343768.066,MERCOSUR,-0.17546013153393808,-121.3494346402,MERCOSUR
ARG,Argentina,2021,856.3663646732,705.7275585269,568636554720.066,MERCOSUR,-0.21345178366101478,-150.6388061463,MERCOSUR
ARG,Argentina,2022,877.6391606131999,736.2864459048001,602872713790.916,MERCOSUR,-0.19198060142842338,-141.35271470839984,MERCOSUR
ARG,Argentina,2023,894.8842822874,747.4613395427001,591684674129.454,MERCOSUR,-0.19723152883718886,-147.42294274469987,MERCOSUR
ARG,Argentina,2024,912.3304993142001,760.5593607329,583738758865.705,MERCOSUR,-0.19955199609278151,-151.77113858130008,MERCOSUR
AUT,Austria,1994,161.949763368,212.0056330447,260148661734.735,EU,0.2361063192417442,50.05586967670001,EU15
AUT,Austria,1995,156.770567243,215.75031869679998,267089386116.812,EU,0.273370402463627,58.97975145379999,EU15
AUT,Austria,1996,163.6604656518,211.8221824096,273007464944.44,EU,0.22736861744097142,48.16171675780001,EU15
AUT,Austria,1997,161.3861872938,212.3730790296,278865754830.707,EU,0.24008170889067157,50.986891735800015,EU15
AUT,Austria,1998,161.1523860273,220.07691971740002,288606201090.647,EU,0.2677451763945297,58.92453369010002,EU15
AUT,Austria,1999,157.938856943,219.7574061123,299463348050.583,EU,0.28130359864963833,61.81854916930001,EU15
AUT,Austria,2000,150.90795085640002,212.298085761,309014800203.266,EU,0.2891695169296604,61.39013490459999,EU15
AUT,Austria,2001,142.7411303692,209.6095608825,313084486481.847,EU,0.3190142197320101,66.86843051330001,EU15
AUT,Austria,2002,145.6166928711,209.7540270386,317731814841.85,EU,0.30577403005329234,64.13733416749997,EU15
AUT,Austria,2003,153.1616729809,224.15250681650002,321358930178.288,EU,0.3167077399393793,70.99083383560003,EU15
AUT,Austria,2004,161.1895675919,231.20721562920002,329602607297.434,EU,0.30283504711025655,70.01764803730003,EU15
AUT,Austria,2005,171.5990440075,223.82848771669998,337250591306.488,EU,0.23334582761112546,52.229443709199984,EU15
AUT,Austria,2006,180.21578163069998,232.4395273482,348276446349.075,EU,0.22467669898187145,52.22374571750001,EU15
AUT,Austria,2007,180.3860727,237.3427590708,361424664731.668,EU,0.23997650736759857,56.956686370800014,EU15
AUT,Austria,2008,194.8791301684,239.91921416670002,366677269701.416,EU,0.1877302080816478,45.04008399830002,EU15
AUT,Austria,2009,177.1678370074,217.6940865372,353527252121.64,EU,0.18616146251117754,40.5262495298,EU15
AUT,Austria,2010,173.7201035249,218.0871903325,359922497999.326,EU,0.20343738089319724,44.3670868076,EU15
AUT,Austria,2011,188.0941540224,221.70357696279999,370459113959.145,EU,0.15159621419206673,33.60942294039998,EU15
AUT,Austria,2012,181.38810804480002,216.73596369389998,372786509411.403,EU,0.16309178710655678,35.347855649099955,EU15
AUT,Austria,2013,178.22562091409998,210.52162450909998,371851835129.742,EU,0.153409435587953,32.296003595,EU15
AUT,Austria,2014,170.9392742225,208.55891335159998,374662287024.534,EU,0.1803789563559854,37.619639129099994,EU15
AUT,Austria,2015,160.43764742570002,199.39102604730002,379546097300.633,EU,0.19536174417578545,38.953378621599995,EU15
AUT,Austria,2016,167.33067318579998,208.4247511449,387581921834.297,EU,0.1971650570931031,41.09407795910002,EU15
AUT,Austria,2017,151.2509979466,203.8346834926,396388751744.592,EU,0.25797221868725295,52.583685546,EU15
AUT,Austria,2018,143.3164788965,210.6487530389,406235924915.185,EU,0.31964240552597006,67.3322741424,EU15
AUT,Austria,2019,145.89891785,205.05392524649997,413365268699.049,EU,0.2884851256828583,59.15500739649997,EU15
AUT,Austria,2020,138.938024934,202.9947245718,387247796560.501,EU,0.3155584450429543,64.0566996378,EU15
AUT,Austria,2021,136.02275398429998,225.04839741499998,406312360757.929,EU,0.3955844362958625,89.0256434307,EU15
AUT,Austria,2022,141.1464114102,222.5778590896,427972725600.496,EU,0.3658560110717001,81.43144767940001,EU15
AUT,Austria,2023,145.7646556347,231.5324001873,424607814488.72,EU,0.3704351722835227,85.76774455259999,EU15
AUT,Austria,2024,150.41903737799998,236.2417712042,421809268656.554,EU,0.3632834844944399,85.82273382620002,EU15
BEL,Belgium,1994,204.2521662625,396.2005436965,311957523163.918,EU,0.48447277644585335,191.948377434,EU15
BEL,Belgium,1995,199.3905857342,401.04206212040003,319396952810.439,EU,0.5028187699814406,201.65147638620004,EU15
BEL,Belgium,1996,200.861008058,390.3530164371,323617566812.874,EU,0.48543754089225544,189.49200837909999,EU15
BEL,Belgium,1997,195.1697380413,389.6569290223,335894554716.996,EU,0.49912416922494796,194.487190981,EU15
BEL,Belgium,1998,197.52747571650002,394.0990145266,342484242936.573,EU,0.4987871868855745,196.57153881009998,EU15
BEL,Belgium,1999,201.37257970860003,450.9349406659,354617493817.972,EU,0.5534331861460299,249.56236095729997,EU15
BEL,Belgium,2000,193.850212639,413.890827703,367797580320.048,EU,0.5316392641150697,220.040615064,EU15
BEL,Belgium,2001,179.7687084436,369.47648756160004,371841895842.954,EU,0.5134502072648709,189.70777911800005,EU15
BEL,Belgium,2002,179.5587198788,390.4201702985,378188843981.109,EU,0.5400885160684286,210.86145041970002,EU15
BEL,Belgium,2003,179.99105789840002,383.9731733451,382114274683.528,EU,0.5312405386804689,203.9821154467,EU15
BEL,Belgium,2004,178.18000704370002,454.34136835879997,395760365336.901,EU,0.6078279033068618,276.16136131509995,EU15
BEL,Belgium,2005,148.04797964160002,474.0958728321,404948883847.345,EU,0.6877256518661344,326.04789319049996,EU15
BEL,Belgium,2006,172.4243301334,490.38234911940003,415284559725.448,EU,0.6483879763555326,317.95801898600007,EU15
BEL,Belgium,2007,166.6396177786,488.5863632884,430554259966.472,EU,0.6589351846477202,321.94674550979994,EU15
BEL,Belgium,2008,175.2082391507,540.544176647,432478429044.827,EU,0.6758669379484982,365.33593749629995,EU15
BEL,Belgium,2009,170.2468037292,377.6268542035,424233482718.834,EU,0.5491665864487079,207.3800504743,EU15
BEL,Belgium,2010,180.4564163855,512.5447614395,435731531598.616,EU,0.6479206696432097,332.088345054,EU15
BEL,Belgium,2011,182.9359183818,467.6886889561,444146182962.729,EU,0.6088510953939889,284.75277057430003,EU15
BEL,Belgium,2012,176.6893781162,451.8743512712,445104666468.521,EU,0.6089856004901749,275.18497315499997,EU15
BEL,Belgium,2013,171.14472966780002,406.3977569846,446464436962.24,EU,0.5788738330209697,235.25302731679997,EU15
BEL,Belgium,2014,165.9985375842,410.3501615894,454346946885.841,EU,0.595471007148525,244.3516240052,EU15
BEL,Belgium,2015,161.18403384779998,366.6291551677,461044767544.531,EU,0.5603622036712472,205.4451213199,EU15
BEL,Belgium,2016,163.50250311050002,461.6309338934,466547349432.055,EU,0.6458155398479946,298.1284307829,EU15
BEL,Belgium,2017,170.96448982980002,430.5320005865,473426439010.72,EU,0.602899460209925,259.56751075669996,EU15
BEL,Belgium,2018,211.1052487647,464.1253416633,482317238282.145,EU,0.5451546601438401,253.02009289859998,EU15
BEL,Belgium,2019,201.3308390558,460.4081713099,494099718080.569,EU,0.5627122809680011,259.07733225410004,EU15
BEL,Belgium,2020,194.656788041,432.9011379797,470417598101.755,EU,0.5503435519956337,238.24434993870003,EU15
BEL,Belgium,2021,207.19997534240002,510.87204798079995,499839663858.827,EU,0.5944190406162382,303.6720726383999,EU15
BEL,Belgium,2022,216.4868864904,505.3360278316,519614510458.488,EU,0.5715981553515064,288.84914134120004,EU15
BEL,Belgium,2023,224.9108264287,533.7180389862,528521336864.414,EU,0.5785961687637179,308.80721255749995,EU15
BEL,Belgium,2024,233.104819477,553.3192066770999,534178915343.837,EU,0.5787154744240918,320.21438720009996,EU15
BRA,Brazil,1994,2153.5370451986,1858.9327937130001,1023622994691.61,MERCOSUR,-0.15848031326466755,-294.6042514855999,MERCOSUR
BRA,Brazil,1995,2218.731182508,1953.7997098966,1066858717573.94,MERCOSUR,-0.1355980714243329,-264.93147261140007,MERCOSUR
BRA,Brazil,1996,2221.882328023,1970.7807107273,1090424176256.21,MERCOSUR,-0.12741225643670576,-251.10161729569995,MERCOSUR
BRA,Brazil,1997,2317.6308146697997,2051.7188322097,1127442397626.76,MERCOSUR,-0.1296044946732359,-265.9119824600998,MERCOSUR
BRA,Brazil,1998,2372.9286956167,2110.9359791908,1131254256718.86,MERCOSUR,-0.12411210904005328,-261.9927164259002,MERCOSUR
BRA,Brazil,1999,2374.6275738825,2039.8990897326,1136547820360.71,MERCOSUR,-0.16409070715050814,-334.72848414990017,MERCOSUR
BRA,Brazil,2000,2408.2584426820004,2050.4049597825,1186418964121.03,MERCOSUR,-0.17452819804798955,-357.85348289950025,MERCOSUR
BRA,Brazil,2001,2468.7514906668002,2072.2267899955,1202908958645.15,MERCOSUR,-0.19135198067396925,-396.52470067130025,MERCOSUR
BRA,Brazil,2002,2513.005141426,2092.1883176906,1239639324869.85,MERCOSUR,-0.20113716350347777,-420.81682373540025,MERCOSUR
BRA,Brazil,2003,2642.6468951132,2149.523262934,1253781489768.13,MERCOSUR,-0.22941069802897102,-493.1236321792003,MERCOSUR
BRA,Brazil,2004,2700.1375344663,2202.0749128298003,1325998860202.27,MERCOSUR,-0.22617878199087202,-498.0626216364999,MERCOSUR
BRA,Brazil,2005,2700.8105733403,2287.9713999452,1368459094848.72,MERCOSUR,-0.18043895714998354,-412.8391733950998,MERCOSUR
BRA,Brazil,2006,2892.3167550395,2509.7208220288,1422677289673.84,MERCOSUR,-0.15244561452911667,-382.59593301070026,MERCOSUR
BRA,Brazil,2007,3117.786878751,2822.7068519437,1509031960316.93,MERCOSUR,-0.10453796383570965,-295.0800268073003,MERCOSUR
BRA,Brazil,2008,3371.9795188569997,3102.6159626658,1585904997750.07,MERCOSUR,-0.08681820741996045,-269.3635561911997,MERCOSUR
BRA,Brazil,2009,3398.331769084,3092.5748321162,1583909738906.86,MERCOSUR,-0.0988680803428046,-305.7569369677999,MERCOSUR
BRA,Brazil,2010,3626.9349264808,3398.9973776437,1703150040806.99,MERCOSUR,-0.067060230859935,-227.93754883710017,MERCOSUR
BRA,Brazil,2011,4176.8368965091,3765.0693822831,1770840429106.43,MERCOSUR,-0.10936518624692881,-411.76751422600046,MERCOSUR
BRA,Brazil,2012,4250.4893923442005,3800.5041133699997,1804861390164.77,MERCOSUR,-0.11840147137090924,-449.9852789742008,MERCOSUR
BRA,Brazil,2013,4290.6693459999,3921.0942118546,1859094274383.73,MERCOSUR,-0.09425306156326653,-369.57513414529967,MERCOSUR
BRA,Brazil,2014,4243.609512701,3804.6741977189004,1868463286696.58,MERCOSUR,-0.11536738552942706,-438.93531498209995,MERCOSUR
BRA,Brazil,2015,4234.1906015755,3598.0021746581997,1802211999456.42,MERCOSUR,-0.1768171324070244,-636.1884269173006,MERCOSUR
BRA,Brazil,2016,4183.3247215711,3581.9776019819,1743173031878.48,MERCOSUR,-0.16788131764321357,-601.3471195891998,MERCOSUR
BRA,Brazil,2017,4310.5779563655005,3574.0090567725,1766232928473.27,MERCOSUR,-0.20609038418558376,-736.5688995930004,MERCOSUR
BRA,Brazil,2018,4231.3582641740995,3508.4624436536,1797736638146.82,MERCOSUR,-0.20604348261676103,-722.8958205204995,MERCOSUR
BRA,Brazil,2019,4305.3416360141,3584.8877564918,1819683008336.22,MERCOSUR,-0.20096971745283937,-720.4538795223002,MERCOSUR
BRA,Brazil,2020,4330.4330477382,3580.6673190499,1760056385298.89,MERCOSUR,-0.20939273657158522,-749.7657286883,MERCOSUR
BRA,Brazil,2021,4340.3609098638,3492.3268629232,1843880907790.44,MERCOSUR,-0.24282779940900645,-848.0340469405996,MERCOSUR
BRA,Brazil,2022,4354.7843677657,3548.9657348006,1899505159031.73,MERCOSUR,-0.2270573156182855,-805.8186329651003,MERCOSUR
BRA,Brazil,2023,4384.5125992274,3588.560549343,1961080569227.7,MERCOSUR,-0.22180259715281223,-795.9520498843999,MERCOSUR
BRA,Brazil,2024,4438.4333048956005,3632.5811009512,2028136094548.34,MERCOSUR,-0.22184011355820418,-805.8522039444006,MERCOSUR
DEU,Germany,1994,1553.0773418576,2152.6250124071003,2575519839599.45,EU,0.2785193273765208,599.5476705495003,EU15
DEU,Germany,1995,1495.4672806998,2145.7795544487,2614281254585.26,EU,0.30306574242477574,650.3122737488998,EU15
DEU,Germany,1996,1460.3293455514,2047.6497115152,2641414240990.66,EU,0.28682658106068365,587.3203659638,EU15
DEU,Germany,1997,1440.039126135,2004.7680000732,2690394576515.06,EU,0.28169288113017565,564.7288739382,EU15
DEU,Germany,1998,1531.472252325,2131.4103492887,2746774816494.42,EU,0.281474703903879,599.9380969637002,EU15
DEU,Germany,1999,1568.2505842560001,2252.4350939096,2805269313430.67,EU,0.3037532630811776,684.1845096535997,EU15
DEU,Germany,2000,1542.9152380005,2181.3598321341,2885963533943.47,EU,0.2926819247006064,638.4445941336,EU15
DEU,Germany,2001,1317.835828911,1987.9930144684,2933181986968.52,EU,0.3371023845054122,670.1571855574,EU15
DEU,Germany,2002,1254.8078041793,1930.6461065794,2926486831428.63,EU,0.35005809718152264,675.8383024001,EU15
DEU,Germany,2003,1228.6299181978,1991.5048546329,2910982263391.97,EU,0.383064562790495,762.8749364351002,EU15
DEU,Germany,2004,1246.9417844613,2079.4552351261,2944810405337.25,EU,0.4003517058708483,832.5134506648001,EU15
DEU,Germany,2005,1174.3539411683,2072.388262263,2970886268370.04,EU,0.4333330474059273,898.0343210946999,EU15
DEU,Germany,2006,1218.6345850156,2162.5705160355,3085761005285.65,EU,0.4364879313856348,943.9359310199002,EU15
DEU,Germany,2007,1293.496177039,2246.9318801332,3174912263837.68,EU,0.4243278185352373,953.4357030942001,EU15
DEU,Germany,2008,1292.4634663591,2254.3903215605,3203102383827.36,EU,0.4266904652675893,961.9268552014,EU15
DEU,Germany,2009,1236.3449871594999,2062.4331191287997,3025504625850.04,EU,0.40054056750128747,826.0881319692999,EU15
DEU,Germany,2010,1249.1530874995,2062.0334913558,3150598283304.25,EU,0.39421299763750484,812.8804038562998,EU15
DEU,Germany,2011,1297.5307148350998,2193.8874676395003,3268996785218.57,EU,0.4085700684405796,896.3567528044005,EU15
DEU,Germany,2012,1252.1484958408998,2094.6295243226,3284148978797.69,EU,0.4022100417753623,842.4810284817002,EU15
DEU,Germany,2013,1256.5806580439,2078.7155915411,3297186905208.25,EU,0.3955014032909104,822.1349334971999,EU15
DEU,Germany,2014,1273.1176522174,2064.9906239354,3369071713224.27,EU,0.38347533520945054,791.8729717179999,EU15
DEU,Germany,2015,1240.8693641215,1941.5426113047,3425099578746.09,EU,0.36088481556032065,700.6732471831999,EU15
DEU,Germany,2016,1273.1003906108,1991.8821535923,3501212900675.89,EU,0.36085556652294837,718.7817629814999,EU15
DEU,Germany,2017,1274.2387169495,2003.7080474477,3599173571724.7,EU,0.3640596899470407,729.4693304982,EU15
DEU,Germany,2018,1204.9535743721,2047.3392441645,3640049243667.4,EU,0.41145387712048165,842.3856697924,EU15
DEU,Germany,2019,1201.5887783915998,1979.9338611721,3675639268112.03,EU,0.3931167086155737,778.3450827805002,EU15
DEU,Germany,2020,1122.0878184283,1882.2894968167,3523764998709.97,EU,0.40387075403334177,760.2016783884001,EU15
DEU,Germany,2021,1147.4819934036,2026.5589115451,3661544208117.2,EU,0.4337781216886853,879.0769181415001,EU15
DEU,Germany,2022,1163.9931466154,1966.1125232354,3727790994177.62,EU,0.4079722636118743,802.1193766199999,EU15
DEU,Germany,2023,1188.7258071045999,2026.6446426559999,3695372350062.48,EU,0.41345128687843047,837.9188355514,EU15
DEU,Germany,2024,1199.9093031067,2065.4757628852,3677048776153.86,EU,0.4190639635342012,865.5664597784998,EU15
DNK,Denmark,1994,87.1358940467,120.3579467286,220068623481.056,EU,0.2760270807611378,33.222052681899996,EU15
DNK,Denmark,1995,93.6244064133,129.9879305463,226754355587.313,EU,0.27974538851549596,36.363524133,EU15
DNK,Denmark,1996,94.470914183,131.4072293182,233320596409.064,EU,0.2810828241858706,36.93631513519999,EU15
DNK,Denmark,1997,94.4291904673,128.1338922356,240713316196.954,EU,0.26304283105930404,33.7047017683,EU15
DNK,Denmark,1998,126.5996607033,162.8986786101,246313036680.162,EU,0.22283187449102734,36.2990179068,EU15
DNK,Denmark,1999,136.08936090650002,168.6094724891,253621896626.282,EU,0.19287238790633363,32.52011158259998,EU15
DNK,Denmark,2000,128.4496392504,154.7191475216,263066798869.213,EU,0.16978834676899043,26.26950827120001,EU15
DNK,Denmark,2001,124.1036111984,150.5301321363,265566018286.991,EU,0.17555635249141796,26.42652093790001,EU15
DNK,Denmark,2002,120.469623053,146.8470338646,266778406880.15,EU,0.17962508412612022,26.3774108116,EU15
DNK,Denmark,2003,119.9032913125,149.7927193983,267955142440.516,EU,0.19953859043258151,29.88942808579999,EU15
DNK,Denmark,2004,127.332218237,158.59280304069998,275394519880.793,EU,0.1971122535470762,31.26058480369997,EU15
DNK,Denmark,2005,134.877932486,178.81412320950002,281892753289.031,EU,0.24570872778334207,43.93619072350003,EU15
DNK,Denmark,2006,134.0669051562,177.6200444116,292651155542.909,EU,0.24520396557538318,43.5531392554,EU15
DNK,Denmark,2007,130.78500452330002,181.0343313598,295540131122.49,EU,0.27756794227405984,50.24932683649999,EU15
DNK,Denmark,2008,127.66352187369999,179.0282554833,294307201413.926,EU,0.286908530002357,51.36473360960001,EU15
DNK,Denmark,2009,103.5494124226,150.1816727279,279666951317.258,EU,0.3105056659595781,46.63226030530001,EU15
DNK,Denmark,2010,98.5694894436,141.2779519289,284093791186.593,EU,0.30230097408825396,42.70846248529999,EU15
DNK,Denmark,2011,109.2624491703,153.9966903011,287817703286.122,EU,0.2904883283097445,44.73424113079999,EU15
DNK,Denmark,2012,104.1902219608,149.0088833155,287802068160.374,EU,0.3007784526497282,44.818661354699984,EU15
DNK,Denmark,2013,106.0759401222,153.0582743799,291810211099.295,EU,0.3069571667918259,46.98233425770002,EU15
DNK,Denmark,2014,106.89741029199999,142.962324218,295539545106.694,EU,0.2522686597554572,36.064913926,EU15
DNK,Denmark,2015,109.3598998094,144.46753147569999,301758922337.637,EU,0.24301399288604322,35.10763166629998,EU15
DNK,Denmark,2016,112.55908723639999,143.4667739439,311032111297.516,EU,0.21543445815256068,30.907686707500005,EU15
DNK,Denmark,2017,119.3265728461,151.9530687926,320538736986.013,EU,0.2147142943919858,32.626495946499986,EU15
DNK,Denmark,2018,118.4192858095,150.23436605790002,326500781502.599,EU,0.21176965752388874,31.815080248400022,EU15
DNK,Denmark,2019,120.34650029369999,149.06705963119998,332088518944.146,EU,0.19266871841811475,28.720559337499992,EU15
DNK,Denmark,2020,113.65951546080001,141.7864488152,326176991232.295,EU,0.198375328456528,28.126933354399995,EU15
DNK,Denmark,2021,113.9994662816,150.74884322999998,347379325644.417,EU,0.24377883213558632,36.749376948399984,EU15
DNK,Denmark,2022,117.96817873260001,151.8004168464,348921108389.075,EU,0.22287315685063833,33.83223811379999,EU15
DNK,Denmark,2023,121.5409359984,156.0178376236,351030642724,EU,0.22098051191029236,34.4769016252,EU15
DNK,Denmark,2024,125.14528187469999,158.7327567904,363238912546.89,EU,0.21159762858557843,33.587474915700014,EU15
ESP,Spain,1994,554.761457937,626.1650894757,781584842222.945,EU,0.11403323618454617,71.40363153869998,EU15
ESP,Spain,1995,579.0541162764,650.1121723427,803136997375.095,EU,0.10930122383378855,71.05805606629997,EU15
ESP,Spain,1996,555.0878603843,629.8891650871001,824078081163.909,EU,0.11875312173762609,74.80130470280005,EU15
ESP,Spain,1997,599.3666032446,654.5027822079,853640231891.445,EU,0.08424132098767192,55.13617896330004,EU15
ESP,Spain,1998,687.237686331,740.2884347316999,890363642200.019,EU,0.07166226826159582,53.050748400699945,EU15
ESP,Spain,1999,736.5870676155,801.7954815547,929618577227.575,EU,0.08132798879429873,65.2084139392,EU15
ESP,Spain,2000,784.5663023592,816.0523655926,977964704474.031,EU,0.03858338577394544,31.486063233400046,EU15
ESP,Spain,2001,809.8377515023001,849.1360753573999,1016292009754.12,EU,0.04628036070491912,39.29832385509985,EU15
ESP,Spain,2002,855.4719145765,900.5714287929,1044295490089.67,EU,0.050078775291428054,45.09951421639994,EU15
ESP,Spain,2003,898.0793332293,970.94464482,1074990358774.14,EU,0.07504579378385494,72.8653115907,EU15
ESP,Spain,2004,928.0822226382,1011.7789905131,1108471271904.22,EU,0.08272238172533616,83.69676787489993,EU15
ESP,Spain,2005,1006.7945149841,1091.1149899024,1147835587310.16,EU,0.07727918294463403,84.32047491830008,EU15
ESP,Spain,2006,1056.5048379649,1145.3119877068998,1194247574981.13,EU,0.07753970157931044,88.807149741999865,EU15
ESP,Spain,2007,1051.0891568617,1181.0222999158002,1236446314615.43,EU,0.11001751877450881,129.93314305410013,EU15
ESP,Spain,2008,896.6006697458,1078.0707358963,1245931907237.16,EU,0.16832853365565767,181.47006615049997,EU15
ESP,Spain,2009,769.3262465461,882.7939873569,1198983535018.34,EU,0.12853252563548176,113.46774081079991,EU15
ESP,Spain,2010,683.1173245236,826.9235999162,1200112046037.65,EU,0.17390515327797304,143.8062753926,EU15
ESP,Spain,2011,613.1924382449,772.0114324967001,1192432281393.69,EU,0.20572103930919303,158.81899425180006,EU15
ESP,Spain,2012,442.9299915055,640.0755207373,1158267740898.69,EU,0.3080035446515889,197.14552923180003,EU15
ESP,Spain,2013,617.3181380686999,758.8637469118,1141735527746.35,EU,0.18652308720652516,141.54560884310013,EU15
ESP,Spain,2014,619.0301719016,736.4468567188,1159095455877.44,EU,0.15943673836879924,117.4166848171999,EU15
ESP,Spain,2015,593.0577618902,712.5967369615,1206164777553.12,EU,0.1677512243193985,119.5389750713,EU15
ESP,Spain,2016,535.8465749109,687.5162538952001,1241326362266.48,EU,0.22060522660373272,151.66967898430005,EU15
ESP,Spain,2017,412.4071447507,606.1216729641,1277275696051.09,EU,0.31959676885679267,193.71452821339994,EU15
ESP,Spain,2018,459.7905425842,648.5394521718,1307871701701.25,EU,0.291036896761679,188.7489095876,EU15
ESP,Spain,2019,410.1178516749,615.4614121540999,1333521400432.69,EU,0.33364164905237914,205.34356047919988,EU15
ESP,Spain,2020,399.4853547204,619.0353751522,1187633217292.02,EU,0.3546647400850396,219.55002043180002,EU15
ESP,Spain,2021,413.2662541561,654.9640024098001,1267004457826.92,EU,0.369024476710819,241.69774825370007,EU15
ESP,Spain,2022,424.9080202559,651.4912446343,1347716659731.45,EU,0.3477916644997852,226.58322437839996,EU15
ESP,Spain,2023,434.8790172797,673.5951312046,1380882052539.27,EU,0.3543910917200373,238.71611392489996,EU15
ESP,Spain,2024,444.4785397532,687.96507047,1428595035672.37,EU,0.35392280970087087,243.48653071680002,EU15
FIN,Finland,1994,102.26509367749999,112.95225921870001,146472344493.8,EU,0.09461666030519454,10.687165541200017,EU15
FIN,Finland,1995,97.274255208,117.74427708660001,152674521262.385,EU,0.17385152285188743,20.470021878600008,EU15
FIN,Finland,1996,97.8888460191,114.28436225419999,158266465561.969,EU,0.14346246425763687,16.39551623509999,EU15
FIN,Finland,1997,101.25862002480001,117.8046976769,168391880311.838,EU,0.1404534621996188,16.546077652099996,EU15
FIN,Finland,1998,86.78817592579999,118.72463192730001,177576428488.635,EU,0.2689960413695452,31.93645600150002,EU15
FIN,Finland,1999,118.5974959968,145.9257130059,185370756398.689,EU,0.1872748568170099,27.3282170091,EU15
FIN,Finland,2000,114.8714054867,145.3524480165,196036503503.623,EU,0.20970436305510234,30.481042529800007,EU15
FIN,Finland,2001,160.5607067926,177.1196598199,201212380923.485,EU,0.093490203425964,16.558953027299992,EU15
FIN,Finland,2002,152.9892770351,178.6086364962,204607490634.566,EU,0.1434385255029091,25.619359461100004,EU15
FIN,Finland,2003,162.31001411179997,189.593424841,208723783982.573,EU,0.1439048361095903,27.28341072920003,EU15
FIN,Finland,2004,159.9469387709,188.9979515366,217083963685.375,EU,0.15371072823545487,29.051012765699994,EU15
FIN,Finland,2005,167.3432348699,201.00292939629998,223113056548.362,EU,0.167458726235955,33.65969452639999,EU15
FIN,Finland,2006,182.3485504519,205.6886264254,232081249320.459,EU,0.1134728564195312,23.340075973500007,EU15
FIN,Finland,2007,179.0957956257,210.29025049039998,244411266035.096,EU,0.14833999575326987,31.194454864699992,EU15
FIN,Finland,2008,184.8707443754,205.5902278351,246328504349.487,EU,0.10078048785625504,20.7194834597,EU15
FIN,Finland,2009,150.9354636225,176.1223429159,226434937568.653,EU,0.14300785962986504,25.186879293399983,EU15
FIN,Finland,2010,152.09808505590001,174.09860738569998,233609048324.553,EU,0.12636816951131472,22.000522329799963,EU15
FIN,Finland,2011,163.0947916287,183.6281080773,239193226293.28,EU,0.11182011655838826,20.533316448600004,EU15
FIN,Finland,2012,160.8054524431,177.89469923750002,235550695854.071,EU,0.0960638336479316,17.089246794400026,EU15
FIN,Finland,2013,163.4905021866,176.6018284145,233242909052.234,EU,0.07424230171120637,13.111326227900008,EU15
FIN,Finland,2014,160.44160196599998,172.1766770049,232127848351.009,EU,0.06815716996655738,11.735075038900021,EU15
FIN,Finland,2015,145.819411607,161.1362359858,233210733506.25,EU,0.09505512081186863,15.316824378799993,EU15
FIN,Finland,2016,155.40839518399997,170.7808003748,239208760000.401,EU,0.09001249061406993,15.372405190800038,EU15
FIN,Finland,2017,150.7095990161,176.0449329931,247110710501.527,EU,0.1439140198257965,25.335333977000005,EU15
FIN,Finland,2018,160.80087237799998,179.34660058880002,250058685918.643,EU,0.10340719115898422,18.545728210800036,EU15
FIN,Finland,2019,141.6757573634,165.8832893724,253433824168.6,EU,0.14593110674731818,24.207532008999976,EU15
FIN,Finland,2020,138.5108510466,170.7594333472,247120696232.09,EU,0.1888538844880676,32.24858230059999,EU15
FIN,Finland,2021,142.71386170469998,168.0760164947,253734502126.393,EU,0.1508969293712395,25.362154790000034,EU15
FIN,Finland,2022,148.3677434757,166.0108361571,255670602724.759,EU,0.10627675331207846,17.64309268139999,EU15
FIN,Finland,2023,153.48073106959998,173.9606248229,253269616816.416,EU,0.1177271797807665,20.47989375330002,EU15
FIN,Finland,2024,158.62154228889997,177.7934320708,254323653957.12,EU,0.10783238479959992,19.171889781900035,EU15
FRA,France,1994,677.7633049128,1030.5721601506,1709890902349.41,EU,0.3423426994051956,352.8088552378,EU15
FRA,France,1995,666.0743820934,1030.810984558,1749300344479.7,EU,0.3538346097669835,364.73660246459997,EU15
FRA,France,1996,669.051406566,1016.6921009595,1773739467493.06,EU,0.3419331123605811,347.6406943935,EU15
FRA,France,1997,686.7769264849,1042.9051101457999,1818562957062.05,EU,0.3414770722631828,356.12818366089994,EU15
FRA,France,1998,787.7336754190001,1130.9855731205,1881350558837.76,EU,0.30349803380288426,343.25189770149996,EU15
FRA,France,1999,801.5106399924,1192.2482878680999,1945303460549.75,EU,0.32773177521134567,390.73764787569985,EU15
FRA,France,2000,833.3664546015,1205.9560251210999,2025858476151.37,EU,0.30895784154499756,372.5895705195999,EU15
FRA,France,2001,799.0504954452999,1181.4276938706998,2064338989612.96,EU,0.32365687752978034,382.3771984253999,EU15
FRA,France,2002,800.9759242881,1205.969114298,2086380974762.6,EU,0.3358238492249018,404.9931900099,EU15
FRA,France,2003,760.0943836691,1252.3061131815,2106573536968.08,EU,0.3930442599708546,492.2117295124,EU15
FRA,France,2004,800.3655584836,1286.681340853,2166995343501.89,EU,0.37796132338951843,486.3157823693999,EU15
FRA,France,2005,784.9692384299001,1308.9927635766999,2207920477337.34,EU,0.40032576170624096,524.0235251467998,EU15
FRA,France,2006,817.7442606012,1333.6963026129001,2267844862926.15,EU,0.38685871813611306,515.9520420117001,EU15
FRA,France,2007,852.1209234619,1381.888847529,2325232266328.63,EU,0.3833650767313124,529.7679240671,EU15
FRA,France,2008,848.8523186795,1364.8604193696,2334072135222.36,EU,0.37806657249862463,516.0081006901002,EU15
FRA,France,2009,782.4875723307,1245.8739013010002,2268145064848.79,EU,0.37193678147235476,463.38632897030016,EU15
FRA,France,2010,766.7161398554,1141.7297996642,2313515332182.54,EU,0.32846095452627866,375.01365980880007,EU15
FRA,France,2011,785.67812989,1253.8117321364998,2369909039106.43,EU,0.37336833772387695,468.1336022464998,EU15
FRA,France,2012,765.6183081502,1181.4657685876,2374265767668.09,EU,0.3519758857969543,415.84746043739995,EU15
FRA,France,2013,768.0000467759,1182.5981124073999,2392826743357.49,EU,0.3505823840590341,414.5980656314998,EU15
FRA,France,2014,771.0520964461,1172.077247982,2416703156974.4,EU,0.34214907953068524,401.0251515359,EU15
FRA,France,2015,720.0799044751001,1092.8204992387,2442483452642.5,EU,0.34108126176555537,372.7405947635999,EU15
FRA,France,2016,707.4953107857,1085.8879663491002,2463489569347.31,EU,0.34846380776794744,378.39265556340024,EU15
FRA,France,2017,775.801955597,1121.9639437383,2514819204088.14,EU,0.3085321859701785,346.16198814130007,EU15
FRA,France,2018,725.5535128001,1125.4092483842,2556210832760.02,EU,0.35529807148660875,399.8557355841001,EU15
FRA,France,2019,762.0504203136,1124.1040383339,2608036638906.12,EU,0.3220819476433167,362.05361802030006,EU15
FRA,France,2020,699.4128539836,1073.8976118725,2413981867676.36,EU,0.34871551416892543,374.48475788889994,EU15
FRA,France,2021,753.5454450285999,1133.7024067720001,2580120255051.75,EU,0.33532341421575007,380.1569617434002,EU15
FRA,France,2022,770.6288317395,1116.1221055453998,2650215998256.03,EU,0.3095479178212964,345.4932738058998,EU15
FRA,France,2023,778.929456097,1147.8740641088,2688358302961.22,EU,0.3214155799384191,368.9446080118,EU15
FRA,France,2024,789.4639436912,1164.7949894844,2720362347819.81,EU,0.3222292756936922,375.3310457932,EU15
GRC,Greece,1994,171.1512592487,197.3263448134,164043992268.73,EU,0.13264871241319676,26.175085564699998,EU15
GRC,Greece,1995,198.54504821700002,223.2942488683,167488456016.048,EU,0.11083671333558251,24.749200651299986,EU15
GRC,Greece,1996,200.9483793107,228.68958521599998,169803934634.075,EU,0.12130506896104641,27.741205905299978,EU15
GRC,Greece,1997,204.6552236728,227.9192576442,175921772178.591,EU,0.10207138357618296,23.26403397140001,EU15
GRC,Greece,1998,222.05657654910001,257.5396224354,181968090540.634,EU,0.13777703621197315,35.483045886300005,EU15
GRC,Greece,1999,219.4549393285,259.2060963443,186806231970.762,EU,0.15335733833589738,39.75115701580003,EU15
GRC,Greece,2000,239.4709237629,272.9072388861,194535950663.831,EU,0.1225189747977148,33.43631512320002,EU15
GRC,Greece,2001,243.94253321239998,274.59175382020004,203582678904.899,EU,0.11161741087049856,30.64922060780006,EU15
GRC,Greece,2002,258.7370163261,301.9039393323,213116735217.242,EU,0.14298231120027552,43.16692300620002,EU15
GRC,Greece,2003,250.53672622710002,304.7202814981,225470734593.334,EU,0.1778140759276564,54.18355527099999,EU15
GRC,Greece,2004,270.2146385984,317.7194006041,237596249349.014,EU,0.14951797691729304,47.5047620057,EU15
GRC,Greece,2005,264.35453415759997,316.7729946699,240408216059.142,EU,0.165476418111095,52.418460512300044,EU15
GRC,Greece,2006,264.2775566778,317.563070042,255898673342.699,EU,0.16779505676510995,53.28551336419997,EU15
GRC,Greece,2007,261.5379402004,335.2466494794,264872706550.759,EU,0.2198641191297848,73.708709279,EU15
GRC,Greece,2008,254.4035406338,334.8716537852,265024939553.215,EU,0.2402953855360223,80.46811315140002,EU15
GRC,Greece,2009,219.5114360834,279.3763101888,254107830646.221,EU,0.2142804236513248,59.86487410539999,EU15
GRC,Greece,2010,186.7882870244,234.9196902221,239639588360.141,EU,0.2048844996866595,48.131403197699996,EU15
GRC,Greece,2011,182.30771586,216.2520740498,215970916413.204,EU,0.15696662489342442,33.9443581898,EU15
GRC,Greece,2012,157.34038936090002,182.66653249979998,197978089510.093,EU,0.13864687084333688,25.326143138899965,EU15
GRC,Greece,2013,143.5311370521,169.18349243900002,193479795684.276,EU,0.15162445825587328,25.652355386900012,EU15
GRC,Greece,2014,148.7709542012,172.89854337830002,195012591113.587,EU,0.1395476717482179,24.12758917710002,EU15
GRC,Greece,2015,142.78358628400002,162.8001751045,194567373678.099,EU,0.12295188753729229,20.016588820499976,EU15
GRC,Greece,2016,150.02962982440002,159.5205030721,194505511433.343,EU,0.05949625950847405,9.490873247699994,EU15
GRC,Greece,2017,110.38792623399999,154.8730342515,197370820217.692,EU,0.2872359816058111,44.48510801750001,EU15
GRC,Greece,2018,113.588691772,158.3208121683,201445880434.67,EU,0.28254099877120603,44.73212039629999,EU15
GRC,Greece,2019,97.6697944748,147.4689244401,206033167050.895,EU,0.3376923657263655,49.79912996530001,EU15
GRC,Greece,2020,79.8652279703,134.8702795449,187085880047.738,EU,0.4078367136199798,55.0050515746,EU15
GRC,Greece,2021,78.7900174899,148.6772834725,203277223532.871,EU,0.470060148735006,69.8872659826,EU15
GRC,Greece,2022,80.7193991007,145.5399855941,214502162962.972,EU,0.44537991555241524,64.82058649339999,EU15
GRC,Greece,2023,82.2367351786,150.9213374948,219083738943.271,EU,0.4551019985399118,68.68460231620001,EU15
GRC,Greece,2024,83.63013243639999,152.80218228619998,223655084018.924,EU,0.45269019600937416,69.17204984979999,EU15
IRL,Ireland,1994,87.3281485565,67.6527951656,94296853730.8362,EU,-0.2908283884315322,-19.6753533909,EU15
IRL,Ireland,1995,91.712411949,67.3553158767,103381809953.759,EU,-0.36162099093838207,-24.357096072299996,EU15
IRL,Ireland,1996,98.6905818173,69.8905803828,111010999492.641,EU,-0.412072718194048,-28.800001434500004,EU15
IRL,Ireland,1997,99.5051582759,77.596579448,123246371072.281,EU,-0.2823394920723491,-21.9085788279,EU15
IRL,Ireland,1998,102.27921546259999,81.8600852277,134050299130.928,EU,-0.24943939623447306,-20.419130234899995,EU15
IRL,Ireland,1999,188.6301847141,138.63338981569999,148165642333.121,EU,-0.3606403548587108,-49.996794898400026,EU15
IRL,Ireland,2000,188.5323764136,135.1644200216,162098435201.65,EU,-0.3948373128332997,-53.367956391999996,EU15
IRL,Ireland,2001,202.4259732024,141.58217472159998,170699088560.512,EU,-0.42974194032857727,-60.84379848080002,EU15
IRL,Ireland,2002,203.52419474669998,145.7659940779,180769250950.138,EU,-0.39623919854676776,-57.75820066879999,EU15
IRL,Ireland,2003,194.6050540011,145.9080192769,186217344582.055,EU,-0.33375159888768124,-48.697034724199995,EU15
IRL,Ireland,2004,198.9866089047,152.2631046281,198858038461.921,EU,-0.30686031518089274,-46.72350427660001,EU15
IRL,Ireland,2005,235.0919849837,181.41856210150002,210272056411.317,EU,-0.2958540860453452,-53.673422882199986,EU15
IRL,Ireland,2006,259.0934441908,207.2029365531,220760118842.237,EU,-0.2504332636444177,-51.89050763770004,EU15
IRL,Ireland,2007,228.28942517570002,188.58084170680002,232482742331.818,EU,-0.21056531039689466,-39.7085834689,EU15
IRL,Ireland,2008,178.3320070915,156.2751518678,222058051543.628,EU,-0.1411411536643962,-22.056855223700012,EU15
IRL,Ireland,2009,148.20778775780002,135.42225484920002,210742455593.378,EU,-0.09441234694280777,-12.785532908600004,EU15
IRL,Ireland,2010,135.217497025,120.13887636380001,214289191596.523,EU,-0.12550991916671073,-15.078620661199992,EU15
IRL,Ireland,2011,114.4673487101,111.2948058143,217736818590.032,EU,-0.028505758849999806,-3.1725428957999924,EU15
IRL,Ireland,2012,106.66088500570001,104.8364782556,216854920423.995,EU,-0.01740240401486929,-1.8244067501000103,EU15
IRL,Ireland,2013,116.78597298000001,101.3800817713,221610413457.216,EU,-0.15196171614315382,-15.405891208700012,EU15
IRL,Ireland,2014,113.7175200049,107.2792270867,242410308909.292,EU,-0.06001434847211145,-6.438292918199991,EU15
IRL,Ireland,2015,113.1757764159,115.12861393610001,302101388556.271,EU,0.016962225579158736,1.9528375202000063,EU15
IRL,Ireland,2016,117.70981706190001,142.4810534543,305795232417.145,EU,0.1738563534719037,24.771236392399985,EU15
IRL,Ireland,2017,117.7135385789,138.8376256043,336707637029.955,EU,0.15214958433246037,21.1240870254,EU15
IRL,Ireland,2018,112.33954457690001,135.67740047040002,362595940328.693,EU,0.17200989857254448,23.337855893500006,EU15
IRL,Ireland,2019,95.7596612901,187.4824337751,380627401462.693,EU,0.48923395455293006,91.722772485,EU15
IRL,Ireland,2020,91.77294241930001,171.73341086649998,407856325068.063,EU,0.46560810761138766,79.96046844719997,EU15
IRL,Ireland,2021,96.2092236586,141.8216658324,474166373639.897,EU,0.321618293693597,45.61244217379999,EU15
IRL,Ireland,2022,98.5152831254,142.01412832789998,509781668505.942,EU,0.306299420449664,43.49884520249998,EU15
IRL,Ireland,2023,100.4343703536,148.6731163344,496851698334.418,EU,0.324461793565287,48.23874598079999,EU15
IRL,Ireland,2024,102.2568410466,154.06136763179998,509767195342.461,EU,0.33625903353662656,51.80452658519998,EU15
ITA,Italy,1994,694.7926647334,1070.0558339863,1624790459614.85,EU,0.35069494257596334,375.26316925290007,EU15
ITA,Italy,1995,682.8731321454001,1099.1790450329001,1671695507214.02,EU,0.37874258499445773,416.3059128875001,EU15
ITA,Italy,1996,695.9750537488001,1061.6797885915998,1694189587392.1,EU,0.3444586011455821,365.7047348427998,EU15
ITA,Italy,1997,716.0064740061,1105.9734231112002,1726814955886.64,EU,0.3526006511151859,389.9669491051002,EU15
ITA,Italy,1998,725.8383744457999,1143.5332643672,1757973143577.88,EU,0.36526693445384034,417.6948899214001,EU15
ITA,Italy,1999,761.0156884926,1217.7264531521,1787471784895.84,EU,0.37505201884815637,456.7107646595,EU15
ITA,Italy,2000,739.7401119653999,1190.0012704198,1856863206512.55,EU,0.3783703174497958,450.26115845440006,EU15
ITA,Italy,2001,744.5196530324,1165.4634437768,1894119928193.34,EU,0.3611814621832237,420.94379074439996,EU15
ITA,Italy,2002,787.3268624657001,1265.0091870978001,1899232719747.26,EU,0.3776117434593537,477.68232463210006,EU15
ITA,Italy,2003,800.1055290904,1290.1108390857,1900496731461.62,EU,0.379816443013971,490.0053099953001,EU15
ITA,Italy,2004,843.3858355689,1310.1346783143001,1928510465814.16,EU,0.35626020016960996,466.7488427454001,EU15
ITA,Italy,2005,759.3700067398,1246.9024180825,1943213635518.5,EU,0.39099483991091505,487.5324113426999,EU15
ITA,Italy,2006,767.9159528250001,1286.9680069015,1978181374737.88,EU,0.403313875164751,519.0520540765,EU15
ITA,Italy,2007,761.1380663849,1270.0239956106998,2007108163772.48,EU,0.40069001135769766,508.8859292257998,EU15
ITA,Italy,2008,689.6923631326999,1255.5503989901,1986572667176.02,EU,0.4506852423547052,565.8580358574,EU15
ITA,Italy,2009,617.2733692411,1120.1824501431,1881181927615.29,EU,0.44895282981603113,502.9090809019999,EU15
ITA,Italy,2010,633.5643889363,1143.6640123139998,1909947188308.66,EU,0.4460222739243183,510.0996233776998,EU15
ITA,Italy,2011,626.0278153149001,1163.3923962642,1923230167272.61,EU,0.4618945273106868,537.3645809492999,EU15
ITA,Italy,2012,514.9990131851999,1019.3735707454999,1863124632394.25,EU,0.4947887330367365,504.3745575603,EU15
ITA,Italy,2013,515.9270570393,1002.2604515193,1829252558793.34,EU,0.4852365408041194,486.3333944799999,EU15
ITA,Italy,2014,462.5565399461,925.9775506234,1829227175768.29,EU,0.5004667881692262,463.42101067730005,EU15
ITA,Italy,2015,461.7700334771,888.8067737347,1845428048839.1,EU,0.4804607175339397,427.03674025759994,EU15
ITA,Italy,2016,452.94102049080004,907.0723297918,1868241619489.51,EU,0.5006561157093575,454.131309301,EU15
ITA,Italy,2017,456.33411290960004,934.9550295944999,1898202609462.08,EU,0.5119186501328122,478.6209166848999,EU15
ITA,Italy,2018,447.06560716,962.1553368652001,1913894038926.83,EU,0.5353498650055976,515.08972970520006,EU15
ITA,Italy,2019,428.3010359817,919.787083467,1922107755078.16,EU,0.5343476292716753,491.4860474853,EU15
ITA,Italy,2020,396.3094801893,848.7443585562,1751650987235.43,EU,0.5330637827584945,452.4348783669,EU15
ITA,Italy,2021,419.940841889,943.2538583664,1908092024820.83,EU,0.5547955217312484,523.3130164774,EU15
ITA,Italy,2022,433.1177390596,925.7220732279001,2000084512919.56,EU,0.5321298350925544,492.60433416830006,EU15
ITA,Italy,2023,443.7513843526,953.8818258835,2019599234310.29,EU,0.5347941722848208,510.13044153090004,EU15
ITA,Italy,2024,452.48954107810005,968.7833018288,2033588532657.24,EU,0.532930078146555,516.2937607506999,EU15
LUX,Luxembourg,1994,5.627908790799999,12.592142839700001,30172289819.1612,EU,0.5530618686236186,6.964234048900002,EU15
LUX,Luxembourg,1995,7.3200897208,13.4853662772,30604417413.6204,EU,0.45718272901669466,6.1652765564,EU15
LUX,Luxembourg,1996,7.4802240190000004,11.135800063300001,31032290274.7242,EU,0.3282724207978193,3.655576044300001,EU15
LUX,Luxembourg,1997,6.9320591828,11.538273802400001,32714187913.5681,EU,0.3992117623904793,4.606214619600001,EU15
LUX,Luxembourg,1998,7.0795156386,12.8067757792,34897700608.2885,EU,0.4472054668046796,5.7272601406,EU15
LUX,Luxembourg,1999,5.202443188799999,16.0615369029,37750651094.139,EU,0.6760930650502898,10.859093714099998,EU15
LUX,Luxembourg,2000,6.470076133,14.491150879000001,40369840252.809,EU,0.5535153703784716,8.021074746,EU15
LUX,Luxembourg,2001,8.0839680888,13.4772037516,41610952660.8086,EU,0.4001746773443059,5.393235662799999,EU15
LUX,Luxembourg,2002,8.0539837639,15.278351167099999,42953079744.2546,EU,0.4728499380716397,7.224367403199999,EU15
LUX,Luxembourg,2003,10.2643960745,18.1674816357,44078183528.9345,EU,0.4350127177599588,7.903085561199999,EU15
LUX,Luxembourg,2004,10.8250603613,23.5800633235,45943523456.1968,EU,0.5409231852862882,12.755002962199999,EU15
LUX,Luxembourg,2005,10.0128534407,16.9142982183,47084243707.173,EU,0.40802430514871463,6.9014447776,EU15
LUX,Luxembourg,2006,9.370610122199999,16.425707324999998,49917168649.961,EU,0.42951557964643083,7.055097202799999,EU15
LUX,Luxembourg,2007,12.5423218147,20.9531052585,53959794029.7992,EU,0.4014098788716778,8.4107834438,EU15
LUX,Luxembourg,2008,10.6146622266,19.4058604866,53797819880.8557,EU,0.45301769875499404,8.791198260000002,EU15
LUX,Luxembourg,2009,12.052747585799999,28.0805147771,52055333192.7004,EU,0.5707789660740422,16.0277671913,EU15
LUX,Luxembourg,2010,11.4278395171,24.5341497327,54012829512.59,EU,0.5342068242997408,13.1063102156,EU15
LUX,Luxembourg,2011,12.6673198707,18.9795011529,54576884709.7504,EU,0.33257888241364664,6.312181282199999,EU15
LUX,Luxembourg,2012,12.4382432184,18.2045941291,55477349891.7792,EU,0.31675251147085454,5.766350910699998,EU15
LUX,Luxembourg,2013,11.666715027899999,24.136508641600003,57236974872.2606,EU,0.5166361796091725,12.469793613700004,EU15
LUX,Luxembourg,2014,12.028122684800001,23.8784001604,58738350400.0169,EU,0.49627602335153626,11.850277475599997,EU15
LUX,Luxembourg,2015,13.6781913964,26.3441516545,60071584216.1375,EU,0.48078831401414485,12.665960258099998,EU15
LUX,Luxembourg,2016,14.205287354000001,24.213086449000002,63062061883.63,EU,0.4133219082201444,10.007799095000001,EU15
LUX,Luxembourg,2017,16.8808913474,22.699349713100002,63892707251.4305,EU,0.25632709479523624,5.818458365700003,EU15
LUX,Luxembourg,2018,23.0121176147,26.276061621300002,64922207640.6436,EU,0.12421739808808227,3.2639440066000027,EU15
LUX,Luxembourg,2019,23.2933370172,31.2192091755,66707126419.2733,EU,0.2538780567356592,7.9258721583000025,EU15
LUX,Luxembourg,2020,22.2306600354,27.7402885678,66366885630.9508,EU,0.19861467983413097,5.509628532400001,EU15
LUX,Luxembourg,2021,23.6782143211,49.0990631006,70965934440.7674,EU,0.5177461070370069,25.420848779499998,EU15
LUX,Luxembourg,2022,24.574150236,46.916130547399995,70187142285.2316,EU,0.47621106111527234,22.341980311399993,EU15
LUX,Luxembourg,2023,25.3890659425,48.564786231700005,70256936375.5582,EU,0.47721244316056244,23.175720289200004,EU15
LUX,Luxembourg,2024,26.204383804499997,49.7992042315,70508886559.2138,EU,0.47379914581195914,23.594820427000002,EU15
NLD,Netherlands,1994,223.03140620230002,388.47672912900003,508471242744.716,EU,0.42588219710777375,165.44532292670002,EU15
NLD,Netherlands,1995,220.3817617173,405.70755877740004,524315389158.098,EU,0.4567965103203387,185.32579706010003,EU15
NLD,Netherlands,1996,212.8788658502,396.80585846350004,542250002539.882,EU,0.4635188435107706,183.92699261330006,EU15
NLD,Netherlands,1997,220.4424716907,397.8317098446,565287382969.544,EU,0.44589014340559063,177.38923815390004,EU15
NLD,Netherlands,1998,209.4314094765,399.3107381387,591560723040.107,EU,0.47551771221400435,189.8793286622,EU15
NLD,Netherlands,1999,285.7041967559,475.5528237826,621395031368.011,EU,0.3992166958795932,189.8486270267,EU15
NLD,Netherlands,2000,282.1442928866,457.73903141100004,647616371669.345,EU,0.38361320856366954,175.59473852440004,EU15
NLD,Netherlands,2001,241.1976290607,456.8339485276,662664228363.74,EU,0.4720234128000059,215.6363194669,EU15
NLD,Netherlands,2002,227.6224722526,451.88224384759997,664292962005.237,EU,0.4962792290432039,224.25977159499996,EU15
NLD,Netherlands,2003,216.52054607350001,476.51053964609997,664942855515.362,EU,0.5456122623556073,259.98999357259993,EU15
NLD,Netherlands,2004,207.009222908,478.3575945288,678350164553.838,EU,0.5672500546125712,271.3483716208,EU15
NLD,Netherlands,2005,177.67343963119998,472.5988121938,692147558366.871,EU,0.6240501773450482,294.9253725626,EU15
NLD,Netherlands,2006,240.8440395639,496.5945981968,716631413729.704,EU,0.5150087406539736,255.7505586329,EU15
NLD,Netherlands,2007,233.04768821279998,534.0301216763,744474740255.869,EU,0.5636057241841111,300.98243346350006,EU15
NLD,Netherlands,2008,257.2760451392,526.4209991457,760233900200.237,EU,0.5112732099275688,269.1449540065,EU15
NLD,Netherlands,2009,212.5020753033,463.0215632982,732369119343.411,EU,0.541053609275553,250.51948799490003,EU15
NLD,Netherlands,2010,229.1194436715,459.45548022329996,742031413974.447,EU,0.5013239507772426,230.33603655179996,EU15
NLD,Netherlands,2011,229.8319626869,488.8593073239,755190192159.834,EU,0.5298607201629448,259.027344637,EU15
NLD,Netherlands,2012,208.5038062976,452.6704109316,747805361887.684,EU,0.5393915721849432,244.16660463399998,EU15
NLD,Netherlands,2013,193.3301384979,464.9785092351,747579281182.565,EU,0.5842170451792871,271.64837073719997,EU15
NLD,Netherlands,2014,208.78148005109998,453.6496509876,759634819525.581,EU,0.5397737447905437,244.86817093650004,EU15
NLD,Netherlands,2015,215.7667207956,459.8891737687,775743675302.734,EU,0.5308288755148663,244.1224529731,EU15
NLD,Netherlands,2016,188.35318586160002,448.67020858539996,794549918521.022,EU,0.5801968076831897,260.31702272379994,EU15
NLD,Netherlands,2017,179.7893388255,463.5547286562,816650691531.918,EU,0.6121507823969528,283.7653898307,EU15
NLD,Netherlands,2018,187.77317631900002,516.2737841095,835096710412.613,EU,0.6362914753789358,328.50060779049994,EU15
NLD,Netherlands,2019,200.1200837825,525.4773852924,854304699526.719,EU,0.6191651831578938,325.35730150989997,EU15
NLD,Netherlands,2020,197.401817937,537.6012531217001,821260592382.701,EU,0.6328099743243847,340.19943518470006,EU15
NLD,Netherlands,2021,197.5256310957,556.8210388283,872809729132.839,EU,0.6452619112392977,359.2954077326,EU15
NLD,Netherlands,2022,205.73590418830003,557.6003275918999,916513359459.671,EU,0.6310333871631523,351.8644234035999,EU15
NLD,Netherlands,2023,212.71896547260002,575.2820058412,911031728184.777,EU,0.630235322306746,362.56304036859996,EU15
NLD,Netherlands,2024,219.74284387950001,588.1700713738,920880034447.75,EU,0.6263957406635083,368.42722749430004,EU15
PRT,Portugal,1994,169.628338215,186.091628058,152020360998.271,EU,0.08846872916748731,16.463289842999984,EU15
PRT,Portugal,1995,162.7926849654,179.7689306865,158531058877.056,EU,0.0944337025106132,16.976245721099986,EU15
PRT,Portugal,1996,182.0813123164,199.11803419569998,164086378007.658,EU,0.08556091841764428,17.03672187929999,EU15
PRT,Portugal,1997,191.43644723190002,207.3924180674,171307602359.378,EU,0.07693613384802953,15.955970835499983,EU15
PRT,Portugal,1998,203.74732054229997,225.8567881052,179544008821.687,EU,0.0978915344913248,22.109467562900022,EU15
PRT,Portugal,1999,227.03253648269998,252.40329184200002,186558035204.778,EU,0.10051673721902833,25.370755359300034,EU15
PRT,Portugal,2000,238.6368934466,251.0456461992,193677420299.115,EU,0.04942827306693818,12.408752752600009,EU15
PRT,Portugal,2001,254.0307334583,260.9081739184,197441874347.86,EU,0.026359620539335556,6.87744046009999,EU15
PRT,Portugal,2002,256.4053720729,263.1492803596,198964002685.767,EU,0.02562769040251347,6.743908286700048,EU15
PRT,Portugal,2003,234.07494783,249.90904209240003,197112600768.677,EU,0.0633594292140322,15.834094262400015,EU15
PRT,Portugal,2004,249.8772409924,251.2063563148,200638423891.103,EU,0.005290930300881403,1.3291153223999856,EU15
PRT,Portugal,2005,236.9747290883,246.2990246459,202207110531.023,EU,0.03785762274538194,9.32429555760001,EU15
PRT,Portugal,2006,224.5896429345,234.6573069139,205493047516.038,EU,0.04290368841185921,10.067663979399981,EU15
PRT,Portugal,2007,190.9880800169,215.6512028233,210643893867.297,EU,0.11436580220054898,24.663122806399997,EU15
PRT,Portugal,2008,144.1159347741,186.25800549320002,211316368904.681,EU,0.22625642644196875,42.14207071910002,EU15
PRT,Portugal,2009,175.19251609580002,199.6792117132,204718906458.637,EU,0.12263016969723578,24.486695617399988,EU15
PRT,Portugal,2010,197.1366339488,207.21435563240001,208276152407.912,EU,0.04863428333835116,10.077721683600004,EU15
PRT,Portugal,2011,189.85861610269998,179.8599150821,204707283345.749,EU,-0.05559160314312341,-9.998701020599981,EU15
PRT,Portugal,2012,153.6744095881,143.4586825721,196414790526.28,EU,-0.07121023860557014,-10.215727015999988,EU15
PRT,Portugal,2013,108.4976568932,124.1828780628,194481859660.111,EU,0.12630743798406646,15.685221169599998,EU15
PRT,Portugal,2014,103.933833448,123.7241795857,195923731482.461,EU,0.15995536364815274,19.7903461377,EU15
PRT,Portugal,2015,107.1575630755,125.3799590252,199038523119.639,EU,0.14533738957465683,18.2223959497,EU15
PRT,Portugal,2016,135.1751337638,138.9973664533,203027536357.754,EU,0.027498597901739256,3.822232689499998,EU15
PRT,Portugal,2017,101.1759660717,125.1333783092,209757330876.906,EU,0.19145501033546866,23.957412237499994,EU15
PRT,Portugal,2018,116.4694983442,129.5560882262,215937376369.165,EU,0.10101099887448976,13.086589881999984,EU15
PRT,Portugal,2019,117.7919653044,133.2522107887,221866335067.158,EU,0.1160224313937692,15.460245484300017,EU15
PRT,Portugal,2020,110.0941452499,139.44305034959999,203663019645.466,EU,0.21047233997046724,29.34890509969999,EU15
PRT,Portugal,2021,118.4292909383,143.55848331,214984151437.597,EU,0.1750449837049063,25.129192371700015,EU15
PRT,Portugal,2022,122.58139487700001,144.2840112536,230002603240.143,EU,0.1504159482955773,21.70261637659999,EU15
PRT,Portugal,2023,126.3137820763,148.8300306234,237132635847.463,EU,0.15128834182716253,22.516248547100005,EU15
PRT,Portugal,2024,130.04160003249999,151.4332343222,242206495918.36,EU,0.141261159648652,21.391634289700022,EU15
PRY,Paraguay,1994,66.43778227279999,53.4522967821,19057827421.2974,MERCOSUR,-0.24293596856344155,-12.985485490699993,MERCOSUR
PRY,Paraguay,1995,71.83021111480001,56.6871005414,20358106834.2373,MERCOSUR,-0.26713503475699235,-15.143110573400008,MERCOSUR
PRY,Paraguay,1996,85.89244649519999,64.8548953237,20678499692.7003,MERCOSUR,-0.32437876996791953,-21.037551171499985,MERCOSUR
PRY,Paraguay,1997,74.8535575869,67.1825584846,21555788371.9596,MERCOSUR,-0.11418140772442294,-7.6709991023000015,MERCOSUR
PRY,Paraguay,1998,71.5142895819,62.9723072941,21570454446.6146,MERCOSUR,-0.1356466461980871,-8.541982287800003,MERCOSUR
PRY,Paraguay,1999,70.4872853282,59.983765499,21275784844.5467,MERCOSUR,-0.1751060431405412,-10.503519829200002,MERCOSUR
PRY,Paraguay,2000,69.10023589309999,56.4907002658,20783433276.2582,MERCOSUR,-0.2232143621511083,-12.60953562729999,MERCOSUR
PRY,Paraguay,2001,73.33298310699999,60.135531887599996,20610088070.7157,MERCOSUR,-0.21946178582185819,-13.197451219399994,MERCOSUR
PRY,Paraguay,2002,72.2678911248,45.5614607196,20605676606.0555,MERCOSUR,-0.5861627345435659,-26.706430405200003,MERCOSUR
PRY,Paraguay,2003,79.8476667298,42.8662443742,21495995447.7717,MERCOSUR,-0.8627166409254664,-36.981422355599996,MERCOSUR
PRY,Paraguay,2004,79.7008937694,45.3125192775,22368177914.5163,MERCOSUR,-0.7589155279868889,-34.388374491899995,MERCOSUR
PRY,Paraguay,2005,77.3954035256,41.0324731506,22845400902.1627,MERCOSUR,-0.886198846497467,-36.362930375000005,MERCOSUR
PRY,Paraguay,2006,80.13389351279999,46.3127950902,23943606096.6681,MERCOSUR,-0.7302754747738534,-33.82109842259999,MERCOSUR
PRY,Paraguay,2007,88.9264771218,54.7709736014,25241738121.2303,MERCOSUR,-0.6236059225269451,-34.1555035204,MERCOSUR
PRY,Paraguay,2008,89.7661240394,59.897208224299995,26881515165.6831,MERCOSUR,-0.49866958244945936,-29.868915815100003,MERCOSUR
PRY,Paraguay,2009,87.3348771111,56.9470203861,26811317495.2224,MERCOSUR,-0.5336162720888776,-30.387856725,MERCOSUR
PRY,Paraguay,2010,111.9111144173,79.9492723737,29786095177.4612,MERCOSUR,-0.3997765219701252,-31.9618420436,MERCOSUR
PRY,Paraguay,2011,126.698417002,99.2618529993,31062837784.856,MERCOSUR,-0.27640592205037195,-27.436564002699996,MERCOSUR
PRY,Paraguay,2012,115.7093884791,94.65344332529999,30842899501.4341,MERCOSUR,-0.22245302879723078,-21.05594515380001,MERCOSUR
PRY,Paraguay,2013,132.595921928,102.7033520258,33400724748.6301,MERCOSUR,-0.2910573930896697,-29.892569902199995,MERCOSUR
PRY,Paraguay,2014,137.125762663,111.300110582,35171376876.6336,MERCOSUR,-0.23203617629807313,-25.825652080999987,MERCOSUR
PRY,Paraguay,2015,141.9834134855,107.564611962,36211447840.1027,MERCOSUR,-0.3199825750838885,-34.418801523499994,MERCOSUR
PRY,Paraguay,2016,141.29929338730003,100.1619481106,37756961788.4736,MERCOSUR,-0.410708318405266,-41.13734527670003,MERCOSUR
PRY,Paraguay,2017,147.2581871408,105.2341289472,39573101423.9484,MERCOSUR,-0.399338680464444,-42.0240581936,MERCOSUR
PRY,Paraguay,2018,147.48585490349998,102.8803572144,40841122661.1912,MERCOSUR,-0.43356670696762156,-44.60549768909999,MERCOSUR
PRY,Paraguay,2019,146.6437156262,103.4768376107,40677000526.5933,MERCOSUR,-0.41716464295035943,-43.16687801549999,MERCOSUR
PRY,Paraguay,2020,153.7390601934,100.5155227585,40343536418.8014,MERCOSUR,-0.5295056522043429,-53.22353743490001,MERCOSUR
PRY,Paraguay,2021,149.9799580562,98.50363560369999,41964030301.4411,MERCOSUR,-0.5225829700296508,-51.4763224525,MERCOSUR
PRY,Paraguay,2022,154.2155908608,97.3590115888,42037903094.7542,MERCOSUR,-0.5839888711292205,-56.856579272000005,MERCOSUR
PRY,Paraguay,2023,157.29682351679998,99.9124569567,44139473679.5817,MERCOSUR,-0.5743464659764015,-57.38436656009998,MERCOSUR
PRY,Paraguay,2024,156.5955365682,100.7555712315,46015383701.3623,MERCOSUR,-0.5542121855316554,-55.839965336700004,MERCOSUR
SWE,Sweden,1994,120.8643655779,154.5882825515,297337294167.624,EU,0.21815312530149303,33.723916973599984,EU15
SWE,Sweden,1995,127.23098596140001,155.6150138647,309511442391.393,EU,0.18239903206241123,28.38402790329998,EU15
SWE,Sweden,1996,122.3583099895,161.396615725,314787745399.443,EU,0.2418780936647177,39.0383057355,EU15
SWE,Sweden,1997,123.0987379234,159.34130850780002,324435964184.782,EU,0.22745244735219364,36.24257058440003,EU15
SWE,Sweden,1998,168.12022356920002,171.7273843982,338210969503.89,EU,0.021005157923070245,3.60716082899998,EU15
SWE,Sweden,1999,168.4250820442,196.7897943336,352419615811.858,EU,0.14413711028792417,28.364712289400018,EU15
SWE,Sweden,2000,166.5481872249,193.9604495968,368740595935.982,EU,0.14132913400068883,27.4122623719,EU15
SWE,Sweden,2001,163.5102172959,185.13659036680002,373758441664.22,EU,0.116813067735843,21.62637307090003,EU15
SWE,Sweden,2002,164.0067636868,191.7211771781,382271644878.765,EU,0.14455582789143104,27.71441349129998,EU15
SWE,Sweden,2003,167.6370370545,200.8261079475,389462280395.789,EU,0.165262730190819,33.18907089299998,EU15
SWE,Sweden,2004,163.6863254825,203.16757729530002,405740184306.611,EU,0.19432850624297604,39.481251812800025,EU15
SWE,Sweden,2005,190.86873037619998,212.7851775437,417073066879.505,EU,0.10299799741924699,21.916447167500024,EU15
SWE,Sweden,2006,186.6859181708,210.26467900670002,436575715827.722,EU,0.11213847683446965,23.578760835900027,EU15
SWE,Sweden,2007,174.41162247949998,221.0999864821,450654706998.622,EU,0.21116402920440638,46.688364002600025,EU15
SWE,Sweden,2008,185.0265884961,224.2766792608,446494653686.263,EU,0.17500745460502404,39.25009076469999,EU15
SWE,Sweden,2009,157.2518979621,199.2649935618,427493565399.86,EU,0.21084032297258506,42.013095599699994,EU15
SWE,Sweden,2010,175.252569097,219.9873185758,452077714777.655,EU,0.20335149211515102,44.73474947880001,EU15
SWE,Sweden,2011,179.90678875560002,232.9244873457,466380936831.165,EU,0.22761753903277926,53.01769859009997,EU15
SWE,Sweden,2012,187.53320225870002,231.7884264579,464448264944.252,EU,0.19092939572303497,44.25522419919997,EU15
SWE,Sweden,2013,189.09546972139998,230.3659363715,469732138276.917,EU,0.17915177608353144,41.27046665010002,EU15
SWE,Sweden,2014,192.4225366422,232.2094280273,480516119003.081,EU,0.17134055117013772,39.786891385100006,EU15
SWE,Sweden,2015,192.8820010419,228.6244344809,501602351911.6,EU,0.15633689163695244,35.742433438999996,EU15
SWE,Sweden,2016,197.03313798460002,234.3831846155,512292396637.964,EU,0.15935463413116363,37.35004663089998,EU15
SWE,Sweden,2017,210.47666187110002,243.2745766076,521937949816.044,EU,0.13481850505654264,32.79791473649999,EU15
SWE,Sweden,2018,223.6129640819,246.2477111475,531177584320.755,EU,0.09191860894918943,22.63474706560001,EU15
SWE,Sweden,2019,228.6978491071,242.2202997638,545031918111.884,EU,0.055827074237321736,13.522450656699988,EU15
SWE,Sweden,2020,223.53100739570002,251.1411666417,534492107010.626,EU,0.10993880300552664,27.610159245999995,EU15
SWE,Sweden,2021,226.4231974597,256.5846509737,562423939232.591,EU,0.11754971858036647,30.161453513999987,EU15
SWE,Sweden,2022,235.25752643669998,250.9357060721,569484812988.256,EU,0.062478871105315324,15.678179635400028,EU15
SWE,Sweden,2023,243.2994492428,254.4955280906,568322714847.714,EU,0.043993224288853605,11.19607884780001,EU15
SWE,Sweden,2024,251.384477188,259.2958805847,572983369203.274,EU,0.030511103295818482,7.9114033966999955,EU15
URY,Uruguay,1994,62.8295418154,39.7258353248,31789727752.3514,MERCOSUR,-0.5815788718274437,-23.103706490599997,MERCOSUR
URY,Uruguay,1995,62.7686572473,40.079810818700004,31329539981.1782,MERCOSUR,-0.5660916547543702,-22.688846428599994,MERCOSUR
URY,Uruguay,1996,81.0431879102,53.493460679399995,33077088488.9395,MERCOSUR,-0.5150111224979924,-27.54972723080001,MERCOSUR
URY,Uruguay,1997,104.34965737540001,73.3325879195,35904413225.1269,MERCOSUR,-0.4229643373550193,-31.017069455900014,MERCOSUR
URY,Uruguay,1998,105.05228465569999,79.2997879139,37526894198.668,MERCOSUR,-0.3247486206364239,-25.752496741799987,MERCOSUR
URY,Uruguay,1999,115.06649008490001,86.0940013347,36956130432.4805,MERCOSUR,-0.3365215729440457,-28.972488750200014,MERCOSUR
URY,Uruguay,2000,112.58361200210001,82.1766984297,36242902749.5716,MERCOSUR,-0.37001868112786657,-30.406913572400015,MERCOSUR
URY,Uruguay,2001,103.6084921114,74.2626921669,34849678466.8177,MERCOSUR,-0.39516208055785873,-29.3457999445,MERCOSUR
URY,Uruguay,2002,103.6614740694,71.47335634550001,32155098813.2195,MERCOSUR,-0.4503512829074882,-32.18811772389999,MERCOSUR
URY,Uruguay,2003,92.4602967536,56.147669498599996,32414038652.1022,MERCOSUR,-0.6467343627842904,-36.31262725500001,MERCOSUR
URY,Uruguay,2004,112.6538492855,72.0111179365,34036089123.994,MERCOSUR,-0.5643952283151484,-40.642731349,MERCOSUR
URY,Uruguay,2005,137.9464914624,93.56075921610001,36575226344.6127,MERCOSUR,-0.474405430419616,-44.38573224629998,MERCOSUR
URY,Uruguay,2006,138.0633326965,90.25640902689999,38074290288.9132,MERCOSUR,-0.5296789910548253,-47.80692366960001,MERCOSUR
URY,Uruguay,2007,139.2108436816,93.3916051224,40564924117.3376,MERCOSUR,-0.49061410283235685,-45.819238559200016,MERCOSUR
URY,Uruguay,2008,140.8721456095,87.34900762960001,43475921755.0631,MERCOSUR,-0.6127503841470383,-53.523137979899985,MERCOSUR
URY,Uruguay,2009,140.6271180857,89.22052414640001,45320819970.7986,MERCOSUR,-0.576174534179468,-51.406593939299995,MERCOSUR
URY,Uruguay,2010,137.5842295731,95.5182493436,48857389210.184,MERCOSUR,-0.44039731170301794,-42.0659802295,MERCOSUR
URY,Uruguay,2011,138.1869603572,92.050033525,51379472633.5779,MERCOSUR,-0.5012157526229429,-46.136926832200004,MERCOSUR
URY,Uruguay,2012,141.6693819889,84.030308122,53197370201.0395,MERCOSUR,-0.6859319590166957,-57.639073866900006,MERCOSUR
URY,Uruguay,2013,139.6221662197,91.8577418555,55664418793.7377,MERCOSUR,-0.5199825665139635,-47.76442436420001,MERCOSUR
URY,Uruguay,2014,77.5200772086,41.7607777012,57467273107.5946,MERCOSUR,-0.8562891180633462,-35.7592995074,MERCOSUR
URY,Uruguay,2015,76.513650829,39.9943289717,57680327998.6689,MERCOSUR,-0.9131125036037255,-36.5193218573,MERCOSUR
URY,Uruguay,2016,73.0551867571,38.1723296909,58655009160.0858,MERCOSUR,-0.913825730539989,-34.8828570662,MERCOSUR
URY,Uruguay,2017,73.973716135,40.0185420863,59675827116.7172,MERCOSUR,-0.8484860336859763,-33.9551740487,MERCOSUR
URY,Uruguay,2018,67.70191204989999,36.419791580799995,59774159517.7554,MERCOSUR,-0.858931891460672,-31.282120469099993,MERCOSUR
URY,Uruguay,2019,66.2237612635,40.1391397122,60329073609.8215,MERCOSUR,-0.6498550227615308,-26.084621551299996,MERCOSUR
URY,Uruguay,2020,65.1773223394,30.4787523463,55890466349.1545,MERCOSUR,-1.1384511281450889,-34.69856999310001,MERCOSUR
URY,Uruguay,2021,68.2140342544,30.6196423762,59156857853.7605,MERCOSUR,-1.2277867721741036,-37.5943918782,MERCOSUR
URY,Uruguay,2022,69.5767362572,31.643587938099998,61810768801.3209,MERCOSUR,-1.1987625547805578,-37.9331483191,MERCOSUR
URY,Uruguay,2023,70.33587971099999,32.3928052169,62269484309.0206,MERCOSUR,-1.171342655877926,-37.94307449409999,MERCOSUR
URY,Uruguay,2024,69.244358573,32.8720491026,64204978531.9491,MERCOSUR,-1.1064813561477413,-36.3723094704,MERCOSUR
