iso3,year,bloc,tapio,regime_viterbi
ARG,1995,MERCOSUR,RND,2
ARG,1996,MERCOSUR,WD,2
ARG,1997,MERCOSUR,END,2
ARG,1998,MERCOSUR,END,2
ARG,1999,MERCOSUR,RND,1
ARG,2000,MERCOSUR,RND,1
ARG,2001,MERCOSUR,RC,1
ARG,2002,MERCOSUR,RND,1
ARG,2003,MERCOSUR,WD,2
ARG,2004,MERCOSUR,WD,2
ARG,2005,MERCOSUR,EC,2
ARG,2006,MERCOSUR,WD,2
ARG,2007,MERCOSUR,EC,2
ARG,2008,MERCOSUR,SD,2
ARG,2009,MERCOSUR,RND,1
ARG,2010,MERCOSUR,END,1
ARG,2011,MERCOSUR,END,1
ARG,2012,MERCOSUR,RND,1
ARG,2013,MERCOSUR,END,1
ARG,2014,MERCOSUR,RD,1
ARG,2015,MERCOSUR,END,1
ARG,2016,MERCOSUR,RC,1
ARG,2017,MERCOSUR,END,1
ARG,2018,MERCOSUR,RND,1
ARG,2019,MERCOSUR,RD,1
ARG,2020,MERCOSUR,RD,1
ARG,2021,MERCOSUR,WD,2
ARG,2022,MERCOSUR,WD,2
ARG,2023,MERCOSUR,SND,2
ARG,2024,MERCOSUR,SND,2
AUT,1995,EU,WD,2
AUT,1996,EU,SD,2
AUT,1997,EU,WD,2
AUT,1998,EU,EC,2
AUT,1999,EU,SD,2
AUT,2000,EU,SD,2
AUT,2001,EU,SD,2
AUT,2002,EU,WD,2
AUT,2003,EU,END,2
AUT,2004,EU,END,2
AUT,2005,EU,SD,2
AUT,2006,EU,EC,2
AUT,2007,EU,WD,2
AUT,2008,EU,WD,2
AUT,2009,EU,RND,2
AUT,2010,EU,WD,2
AUT,2011,EU,WD,2
AUT,2012,EU,SD,2
AUT,2013,EU,RND,1
AUT,2014,EU,SD,1
AUT,2015,EU,SD,1
AUT,2016,EU,END,1
AUT,2017,EU,SD,1
AUT,2018,EU,END,1
AUT,2019,EU,SD,1
AUT,2020,EU,RD,1
AUT,2021,EU,END,1
AUT,2022,EU,SD,1
AUT,2023,EU,SND,1
AUT,2024,EU,SND,1
BEL,1995,EU,WD,2
BEL,1996,EU,SD,2
BEL,1997,EU,SD,2
BEL,1998,EU,WD,2
BEL,1999,EU,END,2
BEL,2000,EU,SD,2
BEL,2001,EU,SD,2
BEL,2002,EU,END,2
BEL,2003,EU,SD,2
BEL,2004,EU,END,2
BEL,2005,EU,END,2
BEL,2006,EU,END,2
BEL,2007,EU,SD,2
BEL,2008,EU,END,2
BEL,2009,EU,RND,2
BEL,2010,EU,END,2
BEL,2011,EU,SD,2
BEL,2012,EU,SD,2
BEL,2013,EU,SD,2
BEL,2014,EU,WD,2
BEL,2015,EU,SD,2
BEL,2016,EU,END,2
BEL,2017,EU,SD,2
BEL,2018,EU,END,2
BEL,2019,EU,SD,2
BEL,2020,EU,RND,1
BEL,2021,EU,END,1
BEL,2022,EU,SD,1
BEL,2023,EU,END,1
BEL,2024,EU,END,1
BGR,1995,EU,END,2
BGR,1996,EU,SD,2
BGR,1997,EU,SND,2
BGR,1998,EU,END,2
BGR,1999,EU,SND,2
BGR,2000,EU,WD,2
BGR,2001,EU,END,2
BGR,2002,EU,WD,2
BGR,2003,EU,SD,2
BGR,2004,EU,END,2
BGR,2005,EU,EC,2
BGR,2006,EU,END,2
BGR,2007,EU,WD,2
BGR,2008,EU,END,2
BGR,2009,EU,RND,1
BGR,2010,EU,SD,1
BGR,2011,EU,END,1
BGR,2012,EU,SD,1
BGR,2013,EU,RND,1
BGR,2014,EU,END,1
BGR,2015,EU,END,1
BGR,2016,EU,SD,1
BGR,2017,EU,END,1
BGR,2018,EU,END,1
BGR,2019,EU,SD,1
BGR,2020,EU,RND,1
BGR,2021,EU,END,2
BGR,2022,EU,SD,2
BGR,2023,EU,END,2
BGR,2024,EU,WD,2
BRA,1995,MERCOSUR,END,2
BRA,1996,MERCOSUR,WD,2
BRA,1997,MERCOSUR,END,2
BRA,1998,MERCOSUR,END,2
BRA,1999,MERCOSUR,SD,2
BRA,2000,MERCOSUR,WD,2
BRA,2001,MERCOSUR,WD,2
BRA,2002,MERCOSUR,WD,2
BRA,2003,MERCOSUR,END,2
BRA,2004,MERCOSUR,WD,2
BRA,2005,MERCOSUR,END,2
BRA,2006,MERCOSUR,END,2
BRA,2007,MERCOSUR,END,2
BRA,2008,MERCOSUR,END,2
BRA,2009,MERCOSUR,RND,2
BRA,2010,MERCOSUR,END,2
BRA,2011,MERCOSUR,END,2
BRA,2012,MERCOSUR,WD,2
BRA,2013,MERCOSUR,EC,2
BRA,2014,MERCOSUR,SD,2
BRA,2015,MERCOSUR,RND,1
BRA,2016,MERCOSUR,RD,1
BRA,2017,MERCOSUR,SD,1
BRA,2018,MERCOSUR,SD,1
BRA,2019,MERCOSUR,END,1
BRA,2020,MERCOSUR,RD,1
BRA,2021,MERCOSUR,SD,2
BRA,2022,MERCOSUR,WD,2
BRA,2023,MERCOSUR,WD,2
BRA,2024,MERCOSUR,WD,2
CYP,1995,EU,END,2
CYP,1996,EU,SD,2
CYP,1997,EU,END,2
CYP,1998,EU,EC,2
CYP,1999,EU,END,2
CYP,2000,EU,SD,2
CYP,2001,EU,SD,2
CYP,2002,EU,END,2
CYP,2003,EU,SD,2
CYP,2004,EU,END,2
CYP,2005,EU,SD,2
CYP,2006,EU,END,2
CYP,2007,EU,SD,2
CYP,2008,EU,EC,2
CYP,2009,EU,SND,2
CYP,2010,EU,END,2
CYP,2011,EU,SD,2
CYP,2012,EU,RND,1
CYP,2013,EU,RND,1
CYP,2014,EU,SND,2
CYP,2015,EU,SD,2
CYP,2016,EU,END,2
CYP,2017,EU,END,2
CYP,2018,EU,SD,2
CYP,2019,EU,EC,2
CYP,2020,EU,SND,2
CYP,2021,EU,WD,2
CYP,2022,EU,SD,2
CYP,2023,EU,END,2
CYP,2024,EU,EC,2
CZE,1995,EU,WD,2
CZE,1996,EU,EC,2
CZE,1997,EU,RND,1
CZE,1998,EU,RND,1
CZE,1999,EU,END,2
CZE,2000,EU,WD,2
CZE,2001,EU,WD,2
CZE,2002,EU,END,2
CZE,2003,EU,EC,2
CZE,2004,EU,END,2
CZE,2005,EU,WD,2
CZE,2006,EU,SD,2
CZE,2007,EU,END,2
CZE,2008,EU,END,2
CZE,2009,EU,RND,1
CZE,2010,EU,SD,1
CZE,2011,EU,END,1
CZE,2012,EU,RND,1
CZE,2013,EU,RND,1
CZE,2014,EU,WD,2
CZE,2015,EU,SD,2
CZE,2016,EU,SD,2
CZE,2017,EU,WD,2
CZE,2018,EU,END,2
CZE,2019,EU,SD,2
CZE,2020,EU,RND,1
CZE,2021,EU,END,1
CZE,2022,EU,SD,1
CZE,2023,EU,END,1
CZE,2024,EU,END,1
DEU,1995,EU,SD,2
DEU,1996,EU,SD,2
DEU,1997,EU,SD,2
DEU,1998,EU,END,2
DEU,1999,EU,END,2
DEU,2000,EU,SD,2
DEU,2001,EU,SD,2
DEU,2002,EU,RND,2
DEU,2003,EU,SND,2
DEU,2004,EU,END,2
DEU,2005,EU,SD,2
DEU,2006,EU,EC,2
DEU,2007,EU,END,2
DEU,2008,EU,WD,2
DEU,2009,EU,RND,2
DEU,2010,EU,SD,2
DEU,2011,EU,END,2
DEU,2012,EU,SD,2
DEU,2013,EU,SD,2
DEU,2014,EU,SD,2
DEU,2015,EU,SD,2
DEU,2016,EU,EC,2
DEU,2017,EU,WD,2
DEU,2018,EU,END,2
DEU,2019,EU,SD,2
DEU,2020,EU,RC,2
DEU,2021,EU,END,2
DEU,2022,EU,SD,2
DEU,2023,EU,SND,2
DEU,2024,EU,SND,2
DNK,1995,EU,END,2
DNK,1996,EU,WD,2
DNK,1997,EU,SD,2
DNK,1998,EU,END,2
DNK,1999,EU,EC,2
DNK,2000,EU,SD,2
DNK,2001,EU,SD,2
DNK,2002,EU,SD,2
DNK,2003,EU,END,2
DNK,2004,EU,END,2
DNK,2005,EU,END,2
DNK,2006,EU,SD,2
DNK,2007,EU,END,2
DNK,2008,EU,RND,1
DNK,2009,EU,RND,1
DNK,2010,EU,SD,1
DNK,2011,EU,END,1
DNK,2012,EU,RND,1
DNK,2013,EU,END,2
DNK,2014,EU,SD,2
DNK,2015,EU,WD,2
DNK,2016,EU,SD,2
DNK,2017,EU,END,2
DNK,2018,EU,SD,2
DNK,2019,EU,SD,2
DNK,2020,EU,RND,2
DNK,2021,EU,EC,2
DNK,2022,EU,END,2
DNK,2023,EU,END,2
DNK,2024,EU,WD,2
ESP,1995,EU,END,2
ESP,1996,EU,SD,2
ESP,1997,EU,EC,2
ESP,1998,EU,END,2
ESP,1999,EU,END,2
ESP,2000,EU,WD,2
ESP,2001,EU,EC,2
ESP,2002,EU,END,2
ESP,2003,EU,END,2
ESP,2004,EU,END,2
ESP,2005,EU,END,2
ESP,2006,EU,END,2
ESP,2007,EU,EC,2
ESP,2008,EU,SD,2
ESP,2009,EU,RND,1
ESP,2010,EU,SD,1
ESP,2011,EU,RND,1
ESP,2012,EU,RND,1
ESP,2013,EU,SND,2
ESP,2014,EU,SD,2
ESP,2015,EU,SD,2
ESP,2016,EU,SD,2
ESP,2017,EU,SD,2
ESP,2018,EU,END,2
ESP,2019,EU,SD,2
ESP,2020,EU,SND,2
ESP,2021,EU,EC,2
ESP,2022,EU,SD,2
ESP,2023,EU,END,2
ESP,2024,EU,WD,2
EST,1995,EU,SD,2
EST,1996,EU,WD,2
EST,1997,EU,EC,2
EST,1998,EU,WD,2
EST,1999,EU,SND,2
EST,2000,EU,EC,2
EST,2001,EU,WD,2
EST,2002,EU,END,2
EST,2003,EU,END,2
EST,2004,EU,EC,2
EST,2005,EU,EC,2
EST,2006,EU,END,2
EST,2007,EU,END,2
EST,2008,EU,RND,1
EST,2009,EU,RND,1
EST,2010,EU,END,2
EST,2011,EU,WD,2
EST,2012,EU,END,2
EST,2013,EU,END,2
EST,2014,EU,SD,2
EST,2015,EU,END,2
EST,2016,EU,EC,2
EST,2017,EU,END,2
EST,2018,EU,SD,2
EST,2019,EU,SD,2
EST,2020,EU,SND,2
EST,2021,EU,WD,2
EST,2022,EU,SND,2
EST,2023,EU,SND,2
EST,2024,EU,SND,2
FIN,1995,EU,EC,2
FIN,1996,EU,SD,2
FIN,1997,EU,WD,2
FIN,1998,EU,WD,2
FIN,1999,EU,END,2
FIN,2000,EU,SD,2
FIN,2001,EU,END,2
FIN,2002,EU,WD,2
FIN,2003,EU,END,2
FIN,2004,EU,SD,2
FIN,2005,EU,END,2
FIN,2006,EU,WD,2
FIN,2007,EU,WD,2
FIN,2008,EU,SD,2
FIN,2009,EU,RND,1
FIN,2010,EU,SD,1
FIN,2011,EU,END,1
FIN,2012,EU,RND,1
FIN,2013,EU,RD,1
FIN,2014,EU,RND,1
FIN,2015,EU,SD,2
FIN,2016,EU,END,2
FIN,2017,EU,EC,2
FIN,2018,EU,END,2
FIN,2019,EU,SD,2
FIN,2020,EU,SND,2
FIN,2021,EU,SD,2
FIN,2022,EU,SD,2
FIN,2023,EU,SND,2
FIN,2024,EU,END,2
FRA,1995,EU,WD,2
FRA,1996,EU,SD,2
FRA,1997,EU,EC,2
FRA,1998,EU,END,2
FRA,1999,EU,END,2
FRA,2000,EU,WD,2
FRA,2001,EU,SD,2
FRA,2002,EU,END,2
FRA,2003,EU,END,2
FRA,2004,EU,EC,2
FRA,2005,EU,EC,2
FRA,2006,EU,WD,2
FRA,2007,EU,END,2
FRA,2008,EU,SD,2
FRA,2009,EU,RND,2
FRA,2010,EU,SD,2
FRA,2011,EU,END,2
FRA,2012,EU,SD,2
FRA,2013,EU,WD,2
FRA,2014,EU,SD,2
FRA,2015,EU,SD,2
FRA,2016,EU,SD,2
FRA,2017,EU,END,2
FRA,2018,EU,WD,2
FRA,2019,EU,SD,2
FRA,2020,EU,RD,2
FRA,2021,EU,EC,2
FRA,2022,EU,SD,2
FRA,2023,EU,END,2
FRA,2024,EU,END,2
GRC,1995,EU,END,2
GRC,1996,EU,END,2
GRC,1997,EU,SD,2
GRC,1998,EU,END,2
GRC,1999,EU,WD,2
GRC,2000,EU,END,2
GRC,2001,EU,WD,2
GRC,2002,EU,END,2
GRC,2003,EU,WD,2
GRC,2004,EU,WD,2
GRC,2005,EU,SD,2
GRC,2006,EU,WD,2
GRC,2007,EU,END,2
GRC,2008,EU,SD,2
GRC,2009,EU,RND,1
GRC,2010,EU,RND,1
GRC,2011,EU,RC,1
GRC,2012,EU,RND,1
GRC,2013,EU,RND,1
GRC,2014,EU,END,1
GRC,2015,EU,RND,1
GRC,2016,EU,RND,1
GRC,2017,EU,SD,2
GRC,2018,EU,EC,2
GRC,2019,EU,SD,2
GRC,2020,EU,RC,2
GRC,2021,EU,EC,2
GRC,2022,EU,SD,2
GRC,2023,EU,END,2
GRC,2024,EU,WD,2
HRV,1995,EU,END,2
HRV,1996,EU,SD,2
HRV,1997,EU,END,2
HRV,1998,EU,SD,2
HRV,1999,EU,RND,2
HRV,2000,EU,SD,2
HRV,2001,EU,END,2
HRV,2002,EU,END,2
HRV,2003,EU,END,2
HRV,2004,EU,EC,2
HRV,2005,EU,WD,2
HRV,2006,EU,WD,2
HRV,2007,EU,END,2
HRV,2008,EU,END,2
HRV,2009,EU,RND,1
HRV,2010,EU,RND,1
HRV,2011,EU,SND,1
HRV,2012,EU,RND,1
HRV,2013,EU,RND,1
HRV,2014,EU,RND,1
HRV,2015,EU,SD,2
HRV,2016,EU,END,2
HRV,2017,EU,SD,2
HRV,2018,EU,END,2
HRV,2019,EU,SD,2
HRV,2020,EU,SND,2
HRV,2021,EU,WD,2
HRV,2022,EU,WD,2
HRV,2023,EU,END,2
HRV,2024,EU,WD,2
HUN,1995,EU,SD,2
HUN,1996,EU,SD,2
HUN,1997,EU,WD,2
HUN,1998,EU,END,2
HUN,1999,EU,SD,2
HUN,2000,EU,SD,2
HUN,2001,EU,END,2
HUN,2002,EU,END,2
HUN,2003,EU,EC,2
HUN,2004,EU,END,2
HUN,2005,EU,END,2
HUN,2006,EU,SD,2
HUN,2007,EU,SD,2
HUN,2008,EU,END,2
HUN,2009,EU,RND,1
HUN,2010,EU,SD,1
HUN,2011,EU,SD,1
HUN,2012,EU,RND,1
HUN,2013,EU,END,2
HUN,2014,EU,END,2
HUN,2015,EU,SD,2
HUN,2016,EU,WD,2
HUN,2017,EU,END,2
HUN,2018,EU,END,2
HUN,2019,EU,WD,2
HUN,2020,EU,RD,2
HUN,2021,EU,END,2
HUN,2022,EU,WD,2
HUN,2023,EU,SND,2
HUN,2024,EU,END,2
IRL,1995,EU,SD,2
IRL,1996,EU,WD,2
IRL,1997,EU,EC,2
IRL,1998,EU,WD,2
IRL,1999,EU,END,2
IRL,2000,EU,SD,2
IRL,2001,EU,EC,2
IRL,2002,EU,WD,2
IRL,2003,EU,WD,2
IRL,2004,EU,WD,2
IRL,2005,EU,END,2
IRL,2006,EU,END,2
IRL,2007,EU,SD,2
IRL,2008,EU,RND,1
IRL,2009,EU,RND,1
IRL,2010,EU,SD,1
IRL,2011,EU,SD,1
IRL,2012,EU,RND,1
IRL,2013,EU,SD,2
IRL,2014,EU,WD,2
IRL,2015,EU,WD,2
IRL,2016,EU,END,2
IRL,2017,EU,SD,2
IRL,2018,EU,SD,2
IRL,2019,EU,END,2
IRL,2020,EU,SD,2
IRL,2021,EU,SD,2
IRL,2022,EU,WD,2
IRL,2023,EU,SND,2
IRL,2024,EU,END,2
ITA,1995,EU,EC,2
ITA,1996,EU,SD,2
ITA,1997,EU,END,2
ITA,1998,EU,END,2
ITA,1999,EU,END,2
ITA,2000,EU,SD,2
ITA,2001,EU,SD,2
ITA,2002,EU,END,2
ITA,2003,EU,END,2
ITA,2004,EU,EC,2
ITA,2005,EU,SD,2
ITA,2006,EU,END,2
ITA,2007,EU,SD,2
ITA,2008,EU,RC,1
ITA,2009,EU,RND,1
ITA,2010,EU,END,1
ITA,2011,EU,END,1
ITA,2012,EU,RND,1
ITA,2013,EU,RC,1
ITA,2014,EU,RND,1
ITA,2015,EU,SD,1
ITA,2016,EU,END,1
ITA,2017,EU,END,1
ITA,2018,EU,END,1
ITA,2019,EU,SD,1
ITA,2020,EU,RC,1
ITA,2021,EU,END,1
ITA,2022,EU,SD,1
ITA,2023,EU,END,1
ITA,2024,EU,END,1
LTU,1995,EU,EC,2
LTU,1996,EU,END,2
LTU,1997,EU,END,2
LTU,1998,EU,WD,2
LTU,1999,EU,SND,2
LTU,2000,EU,SD,2
LTU,2001,EU,SD,2
LTU,2002,EU,EC,2
LTU,2003,EU,WD,2
LTU,2004,EU,WD,2
LTU,2005,EU,WD,2
LTU,2006,EU,EC,2
LTU,2007,EU,END,2
LTU,2008,EU,SD,2
LTU,2009,EU,RND,2
LTU,2010,EU,SD,2
LTU,2011,EU,END,2
LTU,2012,EU,SD,2
LTU,2013,EU,WD,2
LTU,2014,EU,SD,2
LTU,2015,EU,WD,2
LTU,2016,EU,EC,2
LTU,2017,EU,END,2
LTU,2018,EU,WD,2
LTU,2019,EU,END,2
LTU,2020,EU,SD,2
LTU,2021,EU,EC,2
LTU,2022,EU,SD,2
LTU,2023,EU,END,2
LTU,2024,EU,EC,2
LUX,1995,EU,END,2
LUX,1996,EU,SD,2
LUX,1997,EU,WD,2
LUX,1998,EU,END,2
LUX,1999,EU,END,2
LUX,2000,EU,SD,2
LUX,2001,EU,SD,2
LUX,2002,EU,END,2
LUX,2003,EU,END,2
LUX,2004,EU,END,2
LUX,2005,EU,SD,2
LUX,2006,EU,SD,2
LUX,2007,EU,END,2
LUX,2008,EU,RND,1
LUX,2009,EU,SND,1
LUX,2010,EU,SD,1
LUX,2011,EU,SD,1
LUX,2012,EU,SD,1
LUX,2013,EU,END,1
LUX,2014,EU,SD,1
LUX,2015,EU,END,1
LUX,2016,EU,SD,1
LUX,2017,EU,SD,1
LUX,2018,EU,END,1
LUX,2019,EU,END,1
LUX,2020,EU,RND,1
LUX,2021,EU,END,1
LUX,2022,EU,RND,1
LUX,2023,EU,END,1
LUX,2024,EU,END,1
LVA,1995,EU,RND,2
LVA,1996,EU,END,2
LVA,1997,EU,WD,2
LVA,1998,EU,WD,2
LVA,1999,EU,END,2
LVA,2000,EU,SD,2
LVA,2001,EU,SD,2
LVA,2002,EU,END,2
LVA,2003,EU,END,2
LVA,2004,EU,SD,2
LVA,2005,EU,END,2
LVA,2006,EU,SD,2
LVA,2007,EU,END,2
LVA,2008,EU,RND,1
LVA,2009,EU,RND,1
LVA,2010,EU,SND,2
LVA,2011,EU,END,2
LVA,2012,EU,WD,2
LVA,2013,EU,SD,2
LVA,2014,EU,WD,2
LVA,2015,EU,SD,2
LVA,2016,EU,SD,2
LVA,2017,EU,END,2
LVA,2018,EU,EC,2
LVA,2019,EU,END,2
LVA,2020,EU,RC,2
LVA,2021,EU,WD,2
LVA,2022,EU,SD,2
LVA,2023,EU,SND,2
LVA,2024,EU,SND,2
MLT,1995,EU,WD,2
MLT,1996,EU,WD,2
MLT,1997,EU,SD,2
MLT,1998,EU,END,2
MLT,1999,EU,WD,2
MLT,2000,EU,WD,2
MLT,2001,EU,SND,2
MLT,2002,EU,SD,2
MLT,2003,EU,END,2
MLT,2004,EU,END,2
MLT,2005,EU,END,2
MLT,2006,EU,SD,2
MLT,2007,EU,WD,2
MLT,2008,EU,SD,2
MLT,2009,EU,RND,2
MLT,2010,EU,END,2
MLT,2011,EU,SD,2
MLT,2012,EU,SD,2
MLT,2013,EU,EC,2
MLT,2014,EU,SD,2
MLT,2015,EU,EC,2
MLT,2016,EU,SD,2
MLT,2017,EU,END,2
MLT,2018,EU,END,2
MLT,2019,EU,WD,2
MLT,2020,EU,SND,2
MLT,2021,EU,WD,2
MLT,2022,EU,WD,2
MLT,2023,EU,WD,2
MLT,2024,EU,WD,2
NLD,1995,EU,END,2
NLD,1996,EU,SD,2
NLD,1997,EU,WD,2
NLD,1998,EU,WD,2
NLD,1999,EU,END,2
NLD,2000,EU,SD,2
NLD,2001,EU,SD,2
NLD,2002,EU,SD,2
NLD,2003,EU,END,2
NLD,2004,EU,WD,2
NLD,2005,EU,SD,2
NLD,2006,EU,END,2
NLD,2007,EU,END,2
NLD,2008,EU,SD,2
NLD,2009,EU,RND,1
NLD,2010,EU,SD,1
NLD,2011,EU,END,1
NLD,2012,EU,RND,1
NLD,2013,EU,SND,2
NLD,2014,EU,SD,2
NLD,2015,EU,WD,2
NLD,2016,EU,SD,2
NLD,2017,EU,EC,2
NLD,2018,EU,END,2
NLD,2019,EU,WD,2
NLD,2020,EU,SND,2
NLD,2021,EU,WD,2
NLD,2022,EU,WD,2
NLD,2023,EU,SND,2
NLD,2024,EU,END,2
POL,1995,EU,WD,2
POL,1996,EU,END,2
POL,1997,EU,WD,2
POL,1998,EU,SD,2
POL,1999,EU,WD,2
POL,2000,EU,SD,2
POL,2001,EU,SD,2
POL,2002,EU,SD,2
POL,2003,EU,SD,2
POL,2004,EU,EC,2
POL,2005,EU,EC,2
POL,2006,EU,WD,2
POL,2007,EU,END,2
POL,2008,EU,END,2
POL,2009,EU,SD,2
POL,2010,EU,END,2
POL,2011,EU,END,2
POL,2012,EU,SD,2
POL,2013,EU,SD,2
POL,2014,EU,WD,2
POL,2015,EU,WD,2
POL,2016,EU,SD,2
POL,2017,EU,WD,2
POL,2018,EU,WD,2
POL,2019,EU,SD,2
POL,2020,EU,SND,2
POL,2021,EU,SD,2
POL,2022,EU,WD,2
POL,2023,EU,END,2
POL,2024,EU,WD,2
PRT,1995,EU,SD,2
PRT,1996,EU,END,2
PRT,1997,EU,EC,2
PRT,1998,EU,END,2
PRT,1999,EU,END,2
PRT,2000,EU,SD,2
PRT,2001,EU,END,2
PRT,2002,EU,EC,2
PRT,2003,EU,RND,2
PRT,2004,EU,WD,2
PRT,2005,EU,SD,2
PRT,2006,EU,SD,2
PRT,2007,EU,SD,2
PRT,2008,EU,SD,2
PRT,2009,EU,SND,2
PRT,2010,EU,END,2
PRT,2011,EU,RND,1
PRT,2012,EU,RND,1
PRT,2013,EU,RND,1
PRT,2014,EU,SD,2
PRT,2015,EU,EC,2
PRT,2016,EU,END,2
PRT,2017,EU,SD,2
PRT,2018,EU,EC,2
PRT,2019,EU,EC,2
PRT,2020,EU,SND,2
PRT,2021,EU,WD,2
PRT,2022,EU,WD,2
PRT,2023,EU,EC,2
PRT,2024,EU,EC,2
PRY,1995,MERCOSUR,EC,2
PRY,1996,MERCOSUR,END,2
PRY,1997,MERCOSUR,EC,2
PRY,1998,MERCOSUR,SD,2
PRY,1999,MERCOSUR,RND,1
PRY,2000,MERCOSUR,RND,1
PRY,2001,MERCOSUR,SND,1
PRY,2002,MERCOSUR,RND,1
PRY,2003,MERCOSUR,SD,1
PRY,2004,MERCOSUR,END,1
PRY,2005,MERCOSUR,SD,1
PRY,2006,MERCOSUR,END,1
PRY,2007,MERCOSUR,END,1
PRY,2008,MERCOSUR,END,1
PRY,2009,MERCOSUR,RND,1
PRY,2010,MERCOSUR,END,1
PRY,2011,MERCOSUR,END,1
PRY,2012,MERCOSUR,RND,1
PRY,2013,MERCOSUR,EC,2
PRY,2014,MERCOSUR,END,2
PRY,2015,MERCOSUR,SD,2
PRY,2016,MERCOSUR,SD,2
PRY,2017,MERCOSUR,EC,2
PRY,2018,MERCOSUR,SD,2
PRY,2019,MERCOSUR,SND,2
PRY,2020,MERCOSUR,RND,2
PRY,2021,MERCOSUR,SD,2
PRY,2022,MERCOSUR,SD,2
PRY,2023,MERCOSUR,WD,2
PRY,2024,MERCOSUR,WD,2
ROU,1995,EU,WD,2
ROU,1996,EU,SD,2
ROU,1997,EU,RD,1
ROU,1998,EU,RND,1
ROU,1999,EU,RND,1
ROU,2000,EU,WD,2
ROU,2001,EU,END,2
ROU,2002,EU,SD,2
ROU,2003,EU,END,2
ROU,2004,EU,END,2
ROU,2005,EU,EC,2
ROU,2006,EU,WD,2
ROU,2007,EU,END,2
ROU,2008,EU,EC,2
ROU,2009,EU,RND,2
ROU,2010,EU,SND,2
ROU,2011,EU,END,2
ROU,2012,EU,SD,2
ROU,2013,EU,SD,2
ROU,2014,EU,WD,2
ROU,2015,EU,END,2
ROU,2016,EU,SD,2
ROU,2017,EU,END,2
ROU,2018,EU,END,2
ROU,2019,EU,WD,2
ROU,2020,EU,RND,2
ROU,2021,EU,END,2
ROU,2022,EU,WD,2
ROU,2023,EU,END,2
ROU,2024,EU,END,2
SVK,1995,EU,END,2
SVK,1996,EU,END,2
SVK,1997,EU,END,2
SVK,1998,EU,SD,2
SVK,1999,EU,SND,2
SVK,2000,EU,SD,2
SVK,2001,EU,SD,2
SVK,2002,EU,WD,2
SVK,2003,EU,SD,2
SVK,2004,EU,END,2
SVK,2005,EU,END,2
SVK,2006,EU,SD,2
SVK,2007,EU,WD,2
SVK,2008,EU,END,2
SVK,2009,EU,RND,2
SVK,2010,EU,SD,2
SVK,2011,EU,EC,2
SVK,2012,EU,SD,2
SVK,2013,EU,END,2
SVK,2014,EU,END,2
SVK,2015,EU,SD,2
SVK,2016,EU,END,2
SVK,2017,EU,SD,2
SVK,2018,EU,END,2
SVK,2019,EU,END,2
SVK,2020,EU,RND,2
SVK,2021,EU,EC,2
SVK,2022,EU,SD,2
SVK,2023,EU,END,2
SVK,2024,EU,END,2
SVN,1995,EU,END,2
SVN,1996,EU,SD,2
SVN,1997,EU,WD,2
SVN,1998,EU,END,2
SVN,1999,EU,SD,2
SVN,2000,EU,END,2
SVN,2001,EU,SD,2
SVN,2002,EU,END,2
SVN,2003,EU,END,2
SVN,2004,EU,WD,2
SVN,2005,EU,SD,2
SVN,2006,EU,WD,2
SVN,2007,EU,SD,2
SVN,2008,EU,WD,2
SVN,2009,EU,RND,1
SVN,2010,EU,SD,1
SVN,2011,EU,END,1
SVN,2012,EU,RND,1
SVN,2013,EU,RND,1
SVN,2014,EU,END,2
SVN,2015,EU,SD,2
SVN,2016,EU,WD,2
SVN,2017,EU,SD,2
SVN,2018,EU,WD,2
SVN,2019,EU,END,2
SVN,2020,EU,RND,1
SVN,2021,EU,END,1
SVN,2022,EU,SD,1
SVN,2023,EU,END,1
SVN,2024,EU,END,1
SWE,1995,EU,WD,2
SWE,1996,EU,END,2
SWE,1997,EU,SD,2
SWE,1998,EU,END,2
SWE,1999,EU,END,2
SWE,2000,EU,SD,2
SWE,2001,EU,SD,2
SWE,2002,EU,END,2
SWE,2003,EU,END,2
SWE,2004,EU,WD,2
SWE,2005,EU,END,2
SWE,2006,EU,SD,2
SWE,2007,EU,END,2
SWE,2008,EU,SND,2
SWE,2009,EU,RND,1
SWE,2010,EU,END,1
SWE,2011,EU,END,1
SWE,2012,EU,RC,1
SWE,2013,EU,SD,2
SWE,2014,EU,WD,2
SWE,2015,EU,SD,2
SWE,2016,EU,EC,2
SWE,2017,EU,END,2
SWE,2018,EU,WD,2
SWE,2019,EU,SD,2
SWE,2020,EU,SND,2
SWE,2021,EU,WD,2
SWE,2022,EU,SD,2
SWE,2023,EU,SND,2
SWE,2024,EU,END,2
URY,1995,MERCOSUR,SND,2
URY,1996,MERCOSUR,END,2
URY,1997,MERCOSUR,END,2
URY,1998,MERCOSUR,END,2
URY,1999,MERCOSUR,SND,2
URY,2000,MERCOSUR,RND,1
URY,2001,MERCOSUR,RND,1
URY,2002,MERCOSUR,RD,1
URY,2003,MERCOSUR,SD,2
URY,2004,MERCOSUR,END,2
URY,2005,MERCOSUR,END,2
URY,2006,MERCOSUR,SD,2
URY,2007,MERCOSUR,WD,2
URY,2008,MERCOSUR,SD,2
URY,2009,MERCOSUR,WD,2
URY,2010,MERCOSUR,EC,2
URY,2011,MERCOSUR,SD,2
URY,2012,MERCOSUR,SD,2
URY,2013,MERCOSUR,END,2
URY,2014,MERCOSUR,SD,2
URY,2015,MERCOSUR,SD,2
URY,2016,MERCOSUR,SD,2
URY,2017,MERCOSUR,END,2
URY,2018,MERCOSUR,SD,2
URY,2019,MERCOSUR,END,2
URY,2020,MERCOSUR,RND,2
URY,2021,MERCOSUR,WD,2
URY,2022,MERCOSUR,WD,2
URY,2023,MERCOSUR,END,2
URY,2024,MERCOSUR,WD,2
